id,date_created,title_en,category_en,subcategory_en,title_bm,category_bm,subcategory_bm,source,frequency,geography,demography,dataset_begin,dataset_end
pricecatcher,2023-09-13,PriceCatcher: Transactional Records,Prices,Consumer Prices,PriceCatcher: Rekod Transaksi,Harga,Harga Pengguna,"KPDN, DOSM",DAILY,DISTRICT,,2022,2025
births,2023-09-14,Daily Live Births,Demography,Births,Kelahiran Hidup Harian,Demografi,Kelahiran,JPN,DAILY,NATIONAL,,1920,2023
lookup_item,2023-09-15,PriceCatcher: Item Lookup,Prices,Consumer Prices,PriceCatcher: Jadual Carian Barangan,Harga,Harga Pengguna,"KPDN, DOSM",INFREQUENT,DISTRICT,,2022,2026
lookup_premise,2023-09-15,PriceCatcher: Premise Lookup,Prices,Consumer Prices,PriceCatcher: Jadual Carian Premis,Harga,Harga Pengguna,"KPDN, DOSM",INFREQUENT,DISTRICT,,2022,2025
population_dun,2023-10-02,Population Table: State Legislative Assemblies (DUNs),Demography,Population,Jadual Penduduk: Dewan Undangan Negeri (DUN),Demografi,Penduduk,DOSM,YEARLY,DUN,"SEX, ETHNICITY",2020,2024
population_district,2023-10-02,Population Table: Administrative Districts,Demography,Population,Jadual Penduduk: Daerah Pentadbiran,Demografi,Penduduk,DOSM,YEARLY,DISTRICT,"SEX, ETHNICITY, AGE",2020,2025
population_parlimen,2023-10-02,Population Table: Parliamentary Constituencies,Demography,Population,Jadual Penduduk: Kawasan Parlimen,Demografi,Penduduk,DOSM,YEARLY,PARLIMEN,"SEX, ETHNICITY",2020,2024
population_malaysia,2023-10-02,Population Table: Malaysia,Demography,Population,Jadual Penduduk: Malaysia,Demografi,Penduduk,DOSM,YEARLY,NATIONAL,"SEX, ETHNICITY, AGE",1970,2026
hies_district,2023-10-06,Household Income and Expenditure: Administrative Districts,Households,Expenditure,Pendapatan dan Perbelanjaan Isi Rumah: Daerah Pentadbiran,Isi Rumah,Perbelanjaan,DOSM,YEARLY,DISTRICT,,2022,2024
hies_state,2023-10-06,Household Income and Expenditure: States,Households,Expenditure,Pendapatan dan Perbelanjaan Isi Rumah: Negeri,Isi Rumah,Perbelanjaan,DOSM,YEARLY,STATE,,2022,2024
fuelprice,2023-10-11,Price of Petroleum & Diesel,Prices,Commodity Prices,Harga Petrol & Diesel,Harga,Harga Komoditi,MOF,WEEKLY,NATIONAL,,2017,2025
msic,2023-10-15,MSIC,Data Dictionaries,National,MSIC,Kamus Data,Nasional,DOSM,INFREQUENT,NATIONAL,,2008,2023
mcoicop,2023-10-15,MCOICOP,Data Dictionaries,National,MCOICOP,Kamus Data,Nasional,DOSM,INFREQUENT,NATIONAL,,2018,2018
population_state,2023-10-20,Population Table: States,Demography,Population,Jadual Penduduk: Negeri,Demografi,Penduduk,DOSM,YEARLY,STATE,"SEX, ETHNICITY, AGE",1970,2026
exchangerates_daily_1200,2023-11-22,Daily Exchange Rates (1200),Financial Markets,Foreign Exchange,Kadar Pertukaran Wang Asing Harian (1200),Pasaran Kewangan,Pertukaran Asing (FX),BNM,DAILY,NATIONAL,,1997,2026
exchangerates_daily_1700,2023-11-22,Daily Exchange Rates (1700),Financial Markets,Foreign Exchange,Kadar Pertukaran Wang Asing Harian (1700),Pasaran Kewangan,Pertukaran Asing (FX),BNM,DAILY,NATIONAL,,2003,2026
exchangerates_daily_0900,2023-11-22,Daily Exchange Rates (0900),Financial Markets,Foreign Exchange,Kadar Pertukaran Wang Asing Harian (0900),Pasaran Kewangan,Pertukaran Asing (FX),BNM,DAILY,NATIONAL,,2003,2026
exchangerates,2023-11-22,Monthly Exchange Rates,Financial Markets,Foreign Exchange,Kadar Pertukaran Wang Asing Bulanan,Pasaran Kewangan,Pertukaran Asing (FX),BNM,MONTHLY,NATIONAL,,1997,2026
exchangerates_daily_1130,2023-11-22,Daily Exchange Rates (1130),Financial Markets,Foreign Exchange,Kadar Pertukaran Wang Asing Harian (1130),Pasaran Kewangan,Pertukaran Asing (FX),BNM,DAILY,NATIONAL,,2003,2026
interestrates,2023-11-22,Monthly Interest Rates,Financial Markets,Banking System,Kadar Faedah Bulanan,Pasaran Kewangan,Sistem Perbankan,BNM,MONTHLY,NATIONAL,,1997,2026
interestrates_annual,2023-11-22,Annual Interest Rates,Financial Markets,Banking System,Kadar Faedah Tahunan,Pasaran Kewangan,Sistem Perbankan,BNM,YEARLY,NATIONAL,,1980,2025
currency_in_circulation_annual,2023-11-22,Annual Currency in Circulation,Financial Markets,Money Supply,Mata Wang dalam Edaran Tahunan,Pasaran Kewangan,Penawaran Wang,BNM,MONTHLY,NATIONAL,,1975,2025
currency_in_circulation,2023-11-22,Monthly Currency in Circulation,Financial Markets,Money Supply,Mata Wang dalam Edaran Bulanan,Pasaran Kewangan,Penawaran Wang,BNM,MONTHLY,NATIONAL,,2000,2026
cpi_strata,2023-11-22,Monthly CPI by Strata & Division (2-digit),Prices,Consumer Prices,IHP Bulanan mengikut Strata & Bahagian (2-digit),Harga,Harga Pengguna,DOSM,MONTHLY,NATIONAL,,2010,2026
cpi_state_inflation,2023-11-22,Monthly CPI Inflation by State & Division (2-digit),Prices,Consumer Prices,Inflasi IHP Bulanan mengikut Negeri & Bahagian (2-digit),Harga,Harga Pengguna,DOSM,MONTHLY,NATIONAL,,2010,2026
cpi_state,2023-11-22,Monthly CPI by State & Division (2-digit),Prices,Consumer Prices,IHP Bulanan mengikut Negeri & Bahagian (2-digit),Harga,Harga Pengguna,DOSM,MONTHLY,NATIONAL,,2010,2026
cpi_lowincome,2023-11-22,Monthly CPI for Low-Income Households,Prices,Consumer Prices,IHP Bulanan bagi Isi Rumah Berpendapatan Rendah,Harga,Harga Pengguna,DOSM,MONTHLY,NATIONAL,,2010,2026
cpi_headline_inflation,2023-11-22,Monthly CPI Inflation by Division (2-digit),Prices,Consumer Prices,Inflasi IHP Bulanan mengikut Bahagian (2-digit),Harga,Harga Pengguna,DOSM,MONTHLY,NATIONAL,,2001,2026
cpi_headline,2023-11-22,Monthly CPI by Division (2-digit),Prices,Consumer Prices,IHP Bulanan mengikut Bahagian (2-digit),Harga,Harga Pengguna,DOSM,MONTHLY,NATIONAL,,2000,2026
cpi_core_inflation,2023-11-22,Monthly Core CPI Inflation by Division (2-digit),Prices,Consumer Prices,Inflasi IHP Teras Bulanan mengikut Bahagian (2-digit),Harga,Harga Pengguna,DOSM,MONTHLY,NATIONAL,,2015,2026
cpi_annual_inflation,2023-11-22,Annual CPI Inflation by Division (2-digit),Prices,Consumer Prices,Inflasi IHP Tahunan mengikut Bahagian (2-digit),Harga,Harga Pengguna,DOSM,YEARLY,NATIONAL,,1961,2025
cpi_annual,2023-11-22,Annual CPI by Division (2-digit),Prices,Consumer Prices,IHP Tahunan mengikut Bahagian (2-digit),Harga,Harga Pengguna,DOSM,YEARLY,NATIONAL,,1960,2025
cpi_5d,2023-11-22,Monthly CPI by Subclass (5-digit),Prices,Consumer Prices,IHP Bulanan mengikut Subkelas (5-digit),Harga,Harga Pengguna,DOSM,MONTHLY,NATIONAL,,2010,2026
cpi_4d,2023-11-22,Monthly CPI by Class (4-digit),Prices,Consumer Prices,IHP Bulanan mengikut Kelas (4-digit),Harga,Harga Pengguna,DOSM,MONTHLY,NATIONAL,,2010,2026
cpi_3d,2023-11-22,Monthly CPI by Group (3-digit),Prices,Consumer Prices,IHP Bulanan mengikut Kumpulan (3-digit),Harga,Harga Pengguna,DOSM,MONTHLY,NATIONAL,,2010,2026
cpi_core,2023-11-22,Monthly Core CPI by Division (2-digit),Prices,Consumer Prices,IHP Teras Bulanan mengikut Bahagian (2-digit),Harga,Harga Pengguna,DOSM,MONTHLY,NATIONAL,,2015,2026
ppi,2023-11-22,Monthly Producer Price Index (PPI),Prices,Producer Prices,Indeks Harga Pengeluar (IHPR) Bulanan,Harga,Harga Pengeluar,DOSM,MONTHLY,NATIONAL,,2010,2026
ppi_1d,2023-11-22,Monthly PPI by Section (1 digit),Prices,Producer Prices,IHPR Bulanan mengikut Seksyen (1 digit),Harga,Harga Pengeluar,DOSM,MONTHLY,NATIONAL,,2010,2026
ipi_5d,2023-11-22,IPI by Item (5 digit),Economic Sectors,Manufacturing,IPP mengikut Item (5 digit),Sektor Ekonomi,Pembuatan,DOSM,MONTHLY,NATIONAL,,2015,2024
ppi_2d,2023-11-22,Monthly PPI by Division (2 digit),Prices,Producer Prices,IHPR Bulanan mengikut Bahagian (2 digit),Harga,Harga Pengeluar,DOSM,MONTHLY,NATIONAL,,2010,2026
ppi_3d,2023-11-22,Monthly PPI by Group (3 digit),Prices,Producer Prices,IHPR Bulanan mengikut Kumpulan (3 digit),Harga,Harga Pengeluar,DOSM,MONTHLY,NATIONAL,,2010,2026
ipi_domestic,2023-11-22,IPI for Domestic-Oriented Divisions (2 digit),Economic Sectors,Manufacturing,IPP bagi Bahagian Berorientasikan Domestik (2 digit),Sektor Ekonomi,Pembuatan,DOSM,MONTHLY,NATIONAL,,2015,2024
ppi_sop,2023-11-22,Monthly PPI by Stage of Processing,Prices,Producer Prices,IHPR Bulanan mengikut Tahap Pemprosesan,Harga,Harga Pengeluar,DOSM,MONTHLY,NATIONAL,,2010,2026
ipi_3d,2023-11-22,IPI by Group (3 digit),Economic Sectors,Manufacturing,IPP mengikut Kumpulan (3 digit),Sektor Ekonomi,Pembuatan,DOSM,MONTHLY,NATIONAL,,2015,2024
ipi_export,2023-11-22,IPI for Export-Oriented Divisions (2 digit),Economic Sectors,Manufacturing,IPP bagi Bahagian Berorientasikan Eksport (2 digit),Sektor Ekonomi,Pembuatan,DOSM,MONTHLY,NATIONAL,,2015,2024
ipi_1d,2023-11-22,IPI by Section (1 digit),Economic Sectors,Manufacturing,IPP mengikut Seksyen (1 digit),Sektor Ekonomi,Pembuatan,DOSM,MONTHLY,NATIONAL,,2015,2024
ipi,2023-11-22,Industrial Production Index (IPI),Economic Sectors,Manufacturing,Indeks Pengeluaran Industri (IPP),Sektor Ekonomi,Pembuatan,DOSM,MONTHLY,NATIONAL,,2015,2024
ppi_sitc,2023-11-22,Monthly PPI by SITC Section (1 digit),Prices,Producer Prices,IHPR Bulanan mengikut Seksyen SITC (1 digit),Harga,Harga Pengeluar,DOSM,MONTHLY,NATIONAL,,2010,2026
iowrt,2023-11-22,Headline Wholesale & Retail Trade,Economic Sectors,Services,Perdagangan Borong & Runcit Keseluruhan,Sektor Ekonomi,Perkhidmatan,DOSM,MONTHLY,NATIONAL,,2018,2024
iowrt_2d,2023-11-22,Wholesale & Retail Trade by Division (2 digit),Economic Sectors,Services,Perdagangan Borong & Runcit mengikut Bahagian (2 digit),Sektor Ekonomi,Perkhidmatan,DOSM,MONTHLY,NATIONAL,,2018,2024
iowrt_3d,2023-11-22,Wholesale & Retail Trade by Group (3 digit),Economic Sectors,Services,Perdagangan Borong & Runcit mengikut Kumpulan (3 digit),Sektor Ekonomi,Perkhidmatan,DOSM,MONTHLY,NATIONAL,,2018,2024
ipi_2d,2023-11-22,IPI by Division (2 digit),Economic Sectors,Manufacturing,IPP mengikut Bahagian (2 digit),Sektor Ekonomi,Pembuatan,DOSM,MONTHLY,NATIONAL,,2015,2024
economic_indicators,2023-11-22,Malaysian Economic Indicators,Statistical Indicators,Economic Indicators,Indikator Ekonomi Malaysia,Indikator Statistik,Penunjuk Ekonomi,DOSM,MONTHLY,NATIONAL,,1991,2023
ridership_headline,2023-11-22,Daily Public Transport Ridership,Transportation,Ridership,Penggunaan Pengangkutan Awam Harian,Pengangkutan,Penggunaan,"Prasarana, MOT",DAILY,"NATIONAL, STATE",,2020,2023
covid_cases,2023-12-04,Daily COVID-19 Cases by State,Healthcare,Infectious Diseases,Kes COVID-19 Harian mengikut Negeri,Kesihatan,Penyakit Berjangkit,MOH,DAILY,"NATIONAL, STATE",,2020,2023
covid_cases_vaxstatus,2023-12-04,Daily COVID-19 Cases by Vaccination Status & State,Healthcare,Infectious Diseases,Kes COVID-19 Harian mengikut Status Vaksinasi & Negeri,Kesihatan,Penyakit Berjangkit,MOH,DAILY,"NATIONAL, STATE",,2020,2023
covid_cases_age,2023-12-05,Daily COVID-19 Cases by Age Group & State,Healthcare,Infectious Diseases,Kes COVID-19 Harian mengikut Kumpulan Umur & Negeri,Kesihatan,Penyakit Berjangkit,MOH,DAILY,"NATIONAL, STATE",,2020,2023
arrivals,2023-12-13,Monthly Arrivals by Nationality & Sex,Demography,Migration,Kemasukan Bulanan mengikut Kewarganegaraan & Jantina,Demografi,Migrasi,Imigresen,MONTHLY,NATIONAL,"SEX, NATIONALITY",2020,2024
vaxreg_covid_demog,2024-01-02,"Daily COVID-19 Vaccine Registrations by State, Sex & Age",Healthcare,Infectious Diseases,"Pendaftaran Vaksin COVID-19 Harian mengikut Negeri, Jantina & Umur",Kesihatan,Penyakit Berjangkit,MOH,DAILY,"NATIONAL, STATE","SEX, AGE",2021,2022
vaxreg_covid,2024-01-02,Daily COVID-19 Vaccine Registrations by State,Healthcare,Infectious Diseases,Pendaftaran Vaksin COVID-19 Harian mengikut Negeri,Kesihatan,Penyakit Berjangkit,MOH,DAILY,"NATIONAL, STATE",,2021,2022
lfs_year,2024-01-29,Annual Principal Labour Force Statistics,Labour Markets,Labour Force Survey,Statistik Tenaga Buruh Tahunan Utama,Pasaran Buruh,Survei Tenaga Buruh,DOSM,YEARLY,NATIONAL,,1982,2023
lfs_qtr,2024-01-29,Quarterly Principal Labour Force Statistics,Labour Markets,Labour Force Survey,Statistik Tenaga Buruh Suku Tahunan Utama,Pasaran Buruh,Survei Tenaga Buruh,DOSM,QUARTERLY,NATIONAL,,2010,2024
lfs_month_sa,2024-01-29,"Monthly Principal Labour Force Statistics, Seasonally Adjusted",Labour Markets,Labour Force Survey,"Statistik Tenaga Buruh Bulanan Utama, Terlaras secara Bermusim",Pasaran Buruh,Survei Tenaga Buruh,DOSM,MONTHLY,NATIONAL,,2010,2023
lfs_month_duration,2024-01-29,Monthly Unemployment by Duration,Labour Markets,Labour Force Survey,Pengangguran Bulanan mengikut Tempoh,Pasaran Buruh,Survei Tenaga Buruh,DOSM,MONTHLY,NATIONAL,,2016,2023
lfs_month,2024-01-29,Monthly Principal Labour Force Statistics,Labour Markets,Labour Force Survey,Statistik Tenaga Buruh Bulanan Utama,Pasaran Buruh,Survei Tenaga Buruh,DOSM,MONTHLY,NATIONAL,,2010,2023
lfs_district,2024-01-29,Annual Principal Labour Force Statistics by District,Labour Markets,Labour Force Survey,Statistik Tenaga Buruh Tahunan Utama mengikut Daerah,Pasaran Buruh,Survei Tenaga Buruh,DOSM,YEARLY,"STATE, DISTRICT",,2018,2024
lfs_year_sex,2024-01-29,Annual Principal Labour Force Statistics by Sex,Labour Markets,Labour Force Survey,Statistik Tenaga Buruh Tahunan Utama mengikut Jantina,Pasaran Buruh,Survei Tenaga Buruh,DOSM,YEARLY,NATIONAL,,1982,2022
lfs_state_sex,2024-01-29,Annual Principal Labour Force Statistics by State & Sex,Labour Markets,Labour Force Survey,Statistik Tenaga Buruh Tahunan Utama mengikut Negeri & Jantina,Pasaran Buruh,Survei Tenaga Buruh,DOSM,YEARLY,STATE,,1982,2022
lfs_qtr_state,2024-01-29,Quarterly Principal Labour Force Statistics by State,Labour Markets,Labour Force Survey,Statistik Tenaga Buruh Suku Tahunan Utama mengikut Negeri,Pasaran Buruh,Survei Tenaga Buruh,DOSM,QUARTERLY,"NATIONAL, STATE",,2017,2024
lfs_qtr_tru_age,2024-01-29,Quarterly Time-Related Underemployment by Age,Labour Markets,Labour Force Survey,Guna Tenaga Tidak Penuh Berkaitan Masa Suku Tahunan mengikut Umur,Pasaran Buruh,Survei Tenaga Buruh,DOSM,QUARTERLY,NATIONAL,,2017,2024
lfs_qtr_sru_age,2024-01-29,Quarterly Skills-Related Underemployment by Age,Labour Markets,Labour Force Survey,Guna Tenaga Tidak Penuh Berkaitan Kemahiran Suku Tahunan mengikut Umur,Pasaran Buruh,Survei Tenaga Buruh,DOSM,QUARTERLY,NATIONAL,,2017,2024
lfs_qtr_sru_sex,2024-01-29,Quarterly Skills-Related Underemployment by Sex,Labour Markets,Labour Force Survey,Guna Tenaga Tidak Penuh Berkaitan Kemahiran Suku Tahunan mengikut Jantina,Pasaran Buruh,Survei Tenaga Buruh,DOSM,QUARTERLY,NATIONAL,,2017,2024
lfs_month_youth,2024-01-29,Monthly Youth Unemployment,Labour Markets,Labour Force Survey,Pengangguran Belia Bulanan,Pasaran Buruh,Survei Tenaga Buruh,DOSM,MONTHLY,NATIONAL,,2016,2023
lfs_qtr_tru_sex,2024-01-29,Quarterly Time-Related Underemployment by Sex,Labour Markets,Labour Force Survey,Guna Tenaga Tidak Penuh Berkaitan Masa Suku Tahunan mengikut Jantina,Pasaran Buruh,Survei Tenaga Buruh,DOSM,QUARTERLY,NATIONAL,,2017,2024
lfs_month_status,2024-01-29,Monthly Employment by Status in Employment,Labour Markets,Labour Force Survey,Guna Tenaga Bulanan mengikut Taraf Pekerjaan,Pasaran Buruh,Survei Tenaga Buruh,DOSM,MONTHLY,NATIONAL,,2016,2023
lookup_money_banking,2024-02-12,Lookup Table: Money & Banking,Data Dictionaries,Internal,Jadual Carian: Wang & Perbankan,Kamus Data,Dalaman,BNM,INFREQUENT,NATIONAL,,2024,2024
lookup_federal_finance,2024-02-12,Lookup Table: Federal Finance,Data Dictionaries,Internal,Jadual Carian: Kewangan Persekutuan,Kamus Data,Dalaman,JANM,INFREQUENT,NATIONAL,,2024,2024
federal_finance_year,2024-02-13,Annual Federal Government Finance,Public Administration,Public Finance,Kewangan Tahunan Kerajaan Persekutuan,Pentadbiran Awam,Kewangan Awam,JANM,YEARLY,NATIONAL,,1970,2022
federal_finance_qtr,2024-02-13,Quarterly Federal Government Finance,Public Administration,Public Finance,Kewangan Suku Tahunan Kerajaan Persekutuan,Pentadbiran Awam,Kewangan Awam,JANM,QUARTERLY,NATIONAL,,1996,2023
federal_finance_year_revenue,2024-02-13,Annual Federal Government Revenue,Public Administration,Public Finance,Hasil Tahunan Kerajaan Persekutuan,Pentadbiran Awam,Kewangan Awam,JANM,YEARLY,NATIONAL,,1970,2022
federal_finance_qtr_revenue,2024-02-13,Quarterly Federal Government Revenue,Public Administration,Public Finance,Hasil Suku Tahunan Kerajaan Persekutuan,Pentadbiran Awam,Kewangan Awam,JANM,QUARTERLY,NATIONAL,,1996,2023
federal_finance_year_oe,2024-02-13,Annual Federal Government Operating Expenditure by Object,Public Administration,Public Finance,Perbelanjaan Mengurus Tahunan Kerajaan Persekutuan mengikut Objek,Pentadbiran Awam,Kewangan Awam,JANM,YEARLY,NATIONAL,,1979,2022
federal_finance_qtr_oe,2024-02-13,Quarterly Federal Government Operating Expenditure by Object,Public Administration,Public Finance,Perbelanjaan Mengurus Suku Tahunan Kerajaan Persekutuan mengikut Objek,Pentadbiran Awam,Kewangan Awam,JANM,QUARTERLY,NATIONAL,,1999,2023
federal_finance_qtr_de,2024-02-13,Quarterly Federal Government Development Expenditure by Function,Public Administration,Public Finance,Perbelanjaan Pembangunan Suku Tahunan Kerajaan Persekutuan mengikut Fungsi,Pentadbiran Awam,Kewangan Awam,JANM,QUARTERLY,NATIONAL,,1996,2023
federal_finance_year_de,2024-02-13,Annual Federal Government Development Expenditure by Function,Public Administration,Public Finance,Perbelanjaan Pembangunan Tahunan Kerajaan Persekutuan mengikut Fungsi,Pentadbiran Awam,Kewangan Awam,JANM,QUARTERLY,NATIONAL,,1970,2022
births_annual_state,2024-03-02,Annual Live Births by State,Demography,Births,Kelahiran Hidup Tahunan mengikut Negeri,Demografi,Kelahiran,"JPN, DOSM",YEARLY,STATE,,2000,2024
births_annual,2024-03-02,Annual Live Births,Demography,Births,Kelahiran Hidup Tahunan,Demografi,Kelahiran,"JPN, DOSM",YEARLY,NATIONAL,,2000,2024
births_annual_sex_ethnic,2024-03-02,Annual Live Births by Sex & Ethnicity,Demography,Births,Kelahiran Hidup Tahunan mengikut Jantina & Etnik,Demografi,Kelahiran,"JPN, DOSM",YEARLY,NATIONAL,"SEX, ETHNICITY",2000,2023
births_annual_sex_ethnic_state,2024-03-02,"Annual Live Births by State, Sex, & Ethnicity",Demography,Births,"Kelahiran Hidup Tahunan mengikut Negeri, Jantina & Etnik",Demografi,Kelahiran,"JPN, DOSM",YEARLY,"NATIONAL, STATE","SEX, ETHNICITY",2000,2023
births_district_sex,2024-03-02,Annual Live Births by District & Sex,Demography,Births,Kelahiran Hidup Tahunan mengikut Daerah & Jantina,Demografi,Kelahiran,"JPN, DOSM",YEARLY,"NATIONAL, STATE, DISTRICT",SEX,2020,2024
stillbirths,2024-03-02,Annual Stillbirths,Demography,Births,Kelahiran Mati Tahunan,Demografi,Kelahiran,"MOH, DOSM",YEARLY,NATIONAL,,2000,2024
stillbirths_state,2024-03-02,Annual Stillbirths by State,Demography,Births,Kelahiran Mati Tahunan mengikut Negeri,Demografi,Kelahiran,"MOH, DOSM",YEARLY,STATE,,2000,2024
deaths_state,2024-03-02,Annual Deaths by State,Demography,Deaths,Kematian Tahunan mengikut Negeri,Demografi,Kematian,"JPN, DOSM",YEARLY,STATE,,2000,2024
deaths_sex_ethnic_state,2024-03-02,"Annual Deaths by State, Sex, & Ethnicity",Demography,Deaths,"Kematian Tahunan mengikut Negeri, Jantina & Etnik",Demografi,Kematian,"JPN, DOSM",YEARLY,"NATIONAL, STATE","SEX, ETHNICITY",2000,2024
deaths_district_sex,2024-03-02,Annual Deaths by District & Sex,Demography,Deaths,Kematian Tahunan mengikut Daerah & Jantina,Demografi,Kematian,"JPN, DOSM",YEARLY,"NATIONAL, STATE, DISTRICT",SEX,2020,2024
deaths,2024-03-02,Annual Deaths,Demography,Deaths,Kematian Tahunan,Demografi,Kematian,"JPN, DOSM",YEARLY,NATIONAL,,2000,2024
deaths_sex_ethnic,2024-03-02,Annual Deaths by Sex & Ethnicity,Demography,Deaths,Kematian Tahunan mengikut Jantina & Etnik,Demografi,Kematian,"JPN, DOSM",YEARLY,NATIONAL,"SEX, ETHNICITY",2000,2024
deaths_maternal,2024-03-02,Annual Maternal Deaths,Demography,Deaths,Kematian Ibu Bersalin Tahunan,Demografi,Kematian,"JPN, DOSM",YEARLY,NATIONAL,,1933,2024
deaths_maternal_state,2024-03-02,Annual Maternal Deaths by State,Demography,Deaths,Kematian Ibu Bersalin Tahunan mengikut Negeri,Demografi,Kematian,"JPN, DOSM",YEARLY,STATE,,2000,2024
sitc,2024-03-09,SITC,Data Dictionaries,National,SITC,Kamus Data,Nasional,DOSM,INFREQUENT,NATIONAL,,2006,2006
sitc_sop,2024-03-09,SITC: Stage of Processing,Data Dictionaries,National,SITC: Tahap Pemprosesan,Kamus Data,Nasional,DOSM,INFREQUENT,NATIONAL,,2006,2006
arc_dosm,2024-03-16,DOSM's Advance Release Calendar,Metadata,Site Content,Kalendar Awalan Keluaran DOSM,Metadata,Kandungan Portal,DOSM,DAILY,,,2026,2026
monetary_aggregates,2024-03-17,"Monetary Aggregates: M1, M2, M3",Financial Markets,Money Supply,"Agregat Kewangan: M1, M2, M3",Pasaran Kewangan,Penawaran Wang,BNM,MONTHLY,NATIONAL,,2013,2026
hies_malaysia_percentile,2024-04-15,Household Income by Percentile,Households,Income,Pendapatan Isi Rumah mengikut Persentil,Isi Rumah,Pendapatan,DOSM,YEARLY,NATIONAL,,2019,2024
hies_state_percentile,2024-04-15,Household Income by State & Percentile,Households,Income,Pendapatan Isi Rumah mengikut Negeri & Persentil,Isi Rumah,Pendapatan,DOSM,YEARLY,STATE,,2019,2024
gdp_gni_annual_nominal,2024-04-28,Annual Nominal GDP & GNI: 1947 to Present,National Accounts,Gross Domestic Product,KDNK & PNK Sebenar Tahunan: 1947 sehingga Kini,Akaun Negara,Keluaran Dalam Negeri Kasar,DOSM,YEARLY,NATIONAL,,1947,2025
gdp_gni_annual_real,2024-04-28,Annual Real GDP & GNI: 1970 to Present,National Accounts,Gross Domestic Product,KDNK & PNK Sebenar Tahunan: 1970 sehingga Kini,Akaun Negara,Keluaran Dalam Negeri Kasar,DOSM,YEARLY,NATIONAL,,1970,2025
gdp_lookup,2024-05-19,Lookup Table: GDP,National Accounts,Gross Domestic Product,Jadual Carian: KDNK,Akaun Negara,Keluaran Dalam Negeri Kasar,DOSM,INFREQUENT,NATIONAL,,2024,2024
gdp_annual_nominal_demand,2024-05-19,Annual Nominal GDP by Expenditure Type,National Accounts,Gross Domestic Product,KDNK Nominal Tahunan mengikut Jenis Perbelanjaan,Akaun Negara,Keluaran Dalam Negeri Kasar,DOSM,YEARLY,NATIONAL,,2015,2025
gdp_annual_nominal_demand_granular,2024-05-19,Annual Nominal GDP by Expenditure Subtype,National Accounts,Gross Domestic Product,KDNK Nominal Tahunan mengikut Subjenis Perbelanjaan,Akaun Negara,Keluaran Dalam Negeri Kasar,DOSM,YEARLY,NATIONAL,,2015,2025
gdp_annual_nominal_income,2024-05-19,Annual Nominal GDP by Income Component,National Accounts,Gross Domestic Product,KDNK Nominal Tahunan mengikut Komponen Pendapatan,Akaun Negara,Keluaran Dalam Negeri Kasar,DOSM,YEARLY,NATIONAL,,2010,2025
gdp_annual_nominal_supply,2024-05-19,Annual Nominal GDP by Economic Sector,National Accounts,Gross Domestic Product,KDNK Nominal Tahunan mengikut Sektor Ekonomi,Akaun Negara,Keluaran Dalam Negeri Kasar,DOSM,YEARLY,NATIONAL,,2015,2025
gdp_annual_nominal_supply_granular,2024-05-19,Annual Nominal GDP by Economic Subsector,National Accounts,Gross Domestic Product,KDNK Nominal Tahunan mengikut Subsektor Ekonomi,Akaun Negara,Keluaran Dalam Negeri Kasar,DOSM,YEARLY,NATIONAL,,2015,2025
gdp_annual_real_demand,2024-05-19,Annual Real GDP by Expenditure Type,National Accounts,Gross Domestic Product,KDNK Sebenar Tahunan mengikut Jenis Perbelanjaan,Akaun Negara,Keluaran Dalam Negeri Kasar,DOSM,YEARLY,NATIONAL,,2015,2025
gdp_annual_real_demand_granular,2024-05-19,Annual Real GDP by Expenditure Subtype,National Accounts,Gross Domestic Product,KDNK Sebenar Tahunan mengikut Subjenis Perbelanjaan,Akaun Negara,Keluaran Dalam Negeri Kasar,DOSM,YEARLY,NATIONAL,,2015,2025
gdp_annual_real_supply,2024-05-19,Annual Real GDP by Economic Sector,National Accounts,Gross Domestic Product,KDNK Sebenar Tahunan mengikut Sektor Ekonomi,Akaun Negara,Keluaran Dalam Negeri Kasar,DOSM,YEARLY,NATIONAL,,2015,2025
gdp_annual_real_supply_granular,2024-05-19,Annual Real GDP by Economic Subsector,National Accounts,Gross Domestic Product,KDNK Sebenar Tahunan mengikut Subsektor Ekonomi,Akaun Negara,Keluaran Dalam Negeri Kasar,DOSM,YEARLY,NATIONAL,,2015,2025
gdp_district_real_supply,2024-05-19,Annual Real GDP by District & Economic Sector,National Accounts,Gross Domestic Product,KDNK Sebenar Tahunan mengikut Daerah & Sektor Ekonomi,Akaun Negara,Keluaran Dalam Negeri Kasar,DOSM,YEARLY,"STATE, DISTRICT",,2015,2020
gdp_qtr_nominal_supply,2024-05-19,Quarterly Nominal GDP by Economic Sector,National Accounts,Gross Domestic Product,KDNK Nominal Suku Tahunan mengikut Sektor Ekonomi,Akaun Negara,Keluaran Dalam Negeri Kasar,DOSM,QUARTERLY,NATIONAL,,2015,2026
gdp_qtr_nominal_supply_granular,2024-05-19,Quarterly Nominal GDP by Economic Subsector,National Accounts,Gross Domestic Product,KDNK Nominal Suku Tahunan mengikut Subsektor Ekonomi,Akaun Negara,Keluaran Dalam Negeri Kasar,DOSM,QUARTERLY,NATIONAL,,2015,2026
gdp_qtr_nominal_demand,2024-05-19,Quarterly Nominal GDP by Expenditure Type,National Accounts,Gross Domestic Product,KDNK Nominal Suku Tahunan mengikut Jenis Perbelanjaan,Akaun Negara,Keluaran Dalam Negeri Kasar,DOSM,QUARTERLY,NATIONAL,,2015,2026
gdp_qtr_nominal_demand_granular,2024-05-19,Quarterly Nominal GDP by Expenditure Subtype,National Accounts,Gross Domestic Product,KDNK Nominal Suku Tahunan mengikut Subjenis Perbelanjaan,Akaun Negara,Keluaran Dalam Negeri Kasar,DOSM,QUARTERLY,NATIONAL,,2015,2026
gdp_state_real_supply,2024-05-19,Annual Real GDP by State & Economic Sector,National Accounts,Gross Domestic Product,KDNK Sebenar Tahunan mengikut Negeri & Sektor Ekonomi,Akaun Negara,Keluaran Dalam Negeri Kasar,DOSM,YEARLY,STATE,,2015,2025
gdp_qtr_real_supply_granular,2024-05-19,Quarterly Real GDP by Economic Subsector,National Accounts,Gross Domestic Product,KDNK Sebenar Suku Tahunan mengikut Subsektor Ekonomi,Akaun Negara,Keluaran Dalam Negeri Kasar,DOSM,QUARTERLY,NATIONAL,,2015,2026
gdp_qtr_real_sa_supply,2024-05-19,Quarterly Real GDP (Seasonally Adjusted) by Economic Sector,National Accounts,Gross Domestic Product,KDNK Sebenar Suku Tahunan (Terlaras secara Musim) mengikut Sektor Ekonomi,Akaun Negara,Keluaran Dalam Negeri Kasar,DOSM,QUARTERLY,NATIONAL,,2015,2026
gdp_qtr_real_sa_demand,2024-05-19,Quarterly Real GDP (Seasonally Adjusted) by Expenditure Type,National Accounts,Gross Domestic Product,KDNK Sebenar Suku Tahunan (Terlaras secara Musim) mengikut Jenis Perbelanjaan,Akaun Negara,Keluaran Dalam Negeri Kasar,DOSM,QUARTERLY,NATIONAL,,2015,2026
gdp_qtr_real_demand_granular,2024-05-19,Quarterly Real GDP by Expenditure Subtype,National Accounts,Gross Domestic Product,KDNK Sebenar Suku Tahunan mengikut Subjenis Perbelanjaan,Akaun Negara,Keluaran Dalam Negeri Kasar,DOSM,QUARTERLY,NATIONAL,,2015,2026
gdp_qtr_real_demand,2024-05-19,Quarterly Real GDP by Expenditure Type,National Accounts,Gross Domestic Product,KDNK Sebenar Suku Tahunan mengikut Jenis Perbelanjaan,Akaun Negara,Keluaran Dalam Negeri Kasar,DOSM,QUARTERLY,NATIONAL,,2015,2026
gdp_qtr_real_supply,2024-05-19,Quarterly Real GDP by Economic Sector,National Accounts,Gross Domestic Product,KDNK Sebenar Suku Tahunan mengikut Sektor Ekonomi,Akaun Negara,Keluaran Dalam Negeri Kasar,DOSM,QUARTERLY,NATIONAL,,2015,2026
gdp_qtr_real_sa,2024-05-19,Quarterly Real GDP (Seasonally Adjusted),National Accounts,Gross Domestic Product,KDNK Sebenar Suku Tahunan (Terlaras secara Musim),Akaun Negara,Keluaran Dalam Negeri Kasar,DOSM,QUARTERLY,NATIONAL,,2015,2026
gdp_qtr_real,2024-05-19,Quarterly Real GDP,National Accounts,Gross Domestic Product,KDNK Sebenar Suku Tahunan,Akaun Negara,Keluaran Dalam Negeri Kasar,DOSM,QUARTERLY,NATIONAL,,2015,2026
gdp_qtr_nominal,2024-05-19,Quarterly Nominal GDP,National Accounts,Gross Domestic Product,KDNK Nominal Suku Tahunan,Akaun Negara,Keluaran Dalam Negeri Kasar,DOSM,QUARTERLY,NATIONAL,,2015,2026
registration_transactions_car,2024-05-25,Car Registration Transactions,Transportation,Vehicle Registrations,Transaksi Pendaftaran Kereta,Pengangkutan,Pendaftaran Kenderaan,"JPJ, MOT",DAILY,STATE,,2000,2026
sdg_10-c-1,2024-07-22,SDG 10-C-1: Remittance Costs as a % of the Amount Remitted,Statistical Indicators,SDG Indicators,SDG 10-C-1: Kos Kiriman Wang sebagai % Jumlah Dikirim,Indikator Statistik,Indikator SDG,"DOSM, BNM",ANNUAL,NATIONAL,,2016,2022
blood_donations,2024-07-24,Daily Blood Donations by Blood Group,Healthcare,Healthcare Programs,Pendermaan Darah Harian mengikut Kumpulan Darah,Kesihatan,Program Kesihatan,"PDN, MOH",DAILY,NATIONAL,,2006,2024
blood_donations_state,2024-07-24,Daily Blood Donations by Blood Group & State,Healthcare,Healthcare Programs,Pendermaan Darah Harian mengikut Kumpulan Darah & Negeri,Kesihatan,Program Kesihatan,"PDN, MOH",DAILY,STATE,,2006,2024
government_apps,2024-07-24,Transactional Data: Official Government Mobile Applications,Public Administration,Digital Services,Data Transaksi: Aplikasi Mudah Alih Rasmi Kerajaan,Pentadbiran Awam,Perkhidmatan Digital,"JDN, KD",MONTHLY,NATIONAL,,2015,2026
government_apps_reviews,2024-07-24,Transactional Data: User Reviews of Government Mobile Applications,Public Administration,Digital Services,Data Transaksi: Ulasan Pengguna bagi Aplikasi Mudah Alih Kerajaan,Pentadbiran Awam,Perkhidmatan Digital,"JDN, KD",MONTHLY,NATIONAL,,2015,2026
government_apps_active,2024-07-24,Number of Active Government Mobile Applications,Public Administration,Digital Services,Jumlah Aplikasi Mudah Alih Rasmi Kerajaan yang Aktif,Pentadbiran Awam,Perkhidmatan Digital,"JDN, KD",MONTHLY,NATIONAL,,2015,2026
covid_deaths_linelist,2024-07-24,Transactional Records: Deaths due to COVID-19,Healthcare,Infectious Diseases,Rekod Transaksi: Kematian disebabkan oleh COVID-19,Kesihatan,Penyakit Berjangkit,MOH,DAILY,"NATIONAL, STATE","SEX, AGE",2020,2024
organ_pledges_state,2024-07-24,Daily Organ Donation Pledges by State,Healthcare,Healthcare Programs,Ikrar Derma Organ Harian mengikut Negeri,Kesihatan,Program Kesihatan,"NTRC, MOH",DAILY,STATE,,2009,2024
organ_pledges,2024-07-24,Daily Organ Donation Pledges,Healthcare,Healthcare Programs,Ikrar Derma Organ Harian,Kesihatan,Program Kesihatan,"NTRC, MOH",DAILY,NATIONAL,,2009,2024
pekab40_screenings,2024-07-24,Daily PeKaB40 Health Screenings,Healthcare,Healthcare Programs,Saringan Kesihatan PeKaB40 Harian,Kesihatan,Program Kesihatan,"PHCorp, MOH",DAILY,NATIONAL,,2019,2024
pekab40_screenings_state,2024-07-24,Daily PeKaB40 Health Screenings by State,Healthcare,Healthcare Programs,Saringan Kesihatan PeKaB40 Harian mengikut Negeri,Kesihatan,Program Kesihatan,"PHCorp, MOH",DAILY,NATIONAL,,2019,2024
cosmetics_manufacturers,2024-07-26,Approved Manufacturers of Cosmetic Products,Healthcare,Regulation,Pengilang Produk Kosmetik Berlesen,Kesihatan,Kawal Selia,"NPRA, MOH",DAILY,NATIONAL,,2024,2024
pharmaceutical_importers,2024-07-26,Approved Importers of Pharmaceutical Products,Healthcare,Regulation,Pengimport Produk Farmaseutikal Berlesen,Kesihatan,Kawal Selia,"NPRA, MOH",DAILY,NATIONAL,,2024,2024
pharmaceutical_manufacturers,2024-07-26,Approved Manufacturers of Pharmaceutical Products,Healthcare,Regulation,Pengilang Produk Farmaseutikal Berlesen,Kesihatan,Kawal Selia,"NPRA, MOH",DAILY,NATIONAL,,2024,2024
pharmaceutical_wholesalers,2024-07-26,Approved Wholesalers of Pharmaceutical Products,Healthcare,Regulation,Pemborong Produk Farmaseutikal Berlesen,Kesihatan,Kawal Selia,"NPRA, MOH",DAILY,NATIONAL,,2024,2024
cosmetic_notifications_cancelled,2024-07-26,Cancelled Cosmetic Product Notifications,Healthcare,Regulation,Produk Komestik Dibatalkan Notifikasi,Kesihatan,Kawal Selia,"NPRA, MOH",DAILY,NATIONAL,,2024,2024
pharmaceutical_products,2024-07-26,Approved Pharmaceutical Products,Healthcare,Regulation,Produk Farmaseutikal Diluluskan,Kesihatan,Kawal Selia,"NPRA, MOH",DAILY,NATIONAL,,2024,2024
pharmaceutical_products_cancelled,2024-07-26,Cancelled Pharmaceutical Products,Healthcare,Regulation,Produk Farmaseutikal Dibatalkan Pendaftaran,Kesihatan,Kawal Selia,"NPRA, MOH",DAILY,NATIONAL,,2024,2024
cosmetic_notifications,2024-07-26,Notified Cosmetic Products,Healthcare,Regulation,Produk Komestik Bernotifikasi,Kesihatan,Kawal Selia,"NPRA, MOH",DAILY,NATIONAL,,2024,2024
arrivals_soe,2024-08-03,"Monthly Arrivals by State of Entry, Nationality & Sex",Demography,Migration,"Kemasukan Bulanan mengikut Negeri Pintu Masuk, Kewarganegaraan & Jantina",Demografi,Migrasi,Imigresen,MONTHLY,"NATIONAL, STATE","SEX, NATIONALITY",2020,2024
forest_reserve,2024-08-13,Area of Permanent Forest Reserves,Environment,Land Use,Keluasan Hutan Simpan Kekal,Alam Sekitar,Penggunaan Tanah,"Perhutanan, DOSM",YEARLY,NATIONAL,,2003,2021
forest_reserve_state,2024-08-13,Area of Permanent Forest Reserves by State,Environment,Land Use,Keluasan Hutan Simpan Kekal mengikut Negeri,Alam Sekitar,Penggunaan Tanah,"Perhutanan, DOSM",YEARLY,STATE,,2003,2021
electricity_supply,2024-09-12,Electricity Supply,Environment,Energy,Bekalan Elektrik,Alam Sekitar,Tenaga,"TNB, SESB, SWK-ENERGY, ST, DOSM",MONTHLY,NATIONAL,,2018,2024
electricity_consumption,2024-09-12,Monthly Electricity Consumption,Environment,Energy,Penggunaan Elektrik Bulanan,Alam Sekitar,Tenaga,"TNB, SESB, SWK-ENERGY, ST, DOSM",MONTHLY,NATIONAL,,2018,2024
air_pollution,2024-09-12,Monthly Air Pollution,Environment,Pollution,Pencemaran Udara Bulanan,Alam Sekitar,Pencemaran,"JAS, DOSM",MONTHLY,NATIONAL,,2017,2022
ghg_emissions,2024-09-12,Greenhouse Gas Emissions,Environment,Pollution,Pelepasan Gas Rumah Hijau,Alam Sekitar,Pencemaran,"NRES, DOSM",YEARLY,NATIONAL,,2014,2021
trade_sitc_1d,2024-09-13,Monthly Trade by SITC Section (1 digit),Economic Sectors,External Trade,Perdagangan Bulanan mengikut Seksyen SITC (1 digit),Sektor Ekonomi,Perdagangan Luar,DOSM,MONTHLY,NATIONAL,,2000,2026
bop_balance,2024-09-13,Balance of Key BOP Components,National Accounts,Balance of Payments,Baki Komponen Utama BOP,Akaun Negara,Imbangan Pembayaran,DOSM,QUARTERLY,NATIONAL,,2010,2026
fdi_flows,2024-09-13,Foreign Direct Investment (FDI) Flows,National Accounts,Balance of Payments,Aliran Pelaburan Langsung Asing (FDI),Akaun Negara,Imbangan Pembayaran,DOSM,QUARTERLY,NATIONAL,,2008,2025
state_finance_expenditure,2024-09-14,State Government Expenditure,Public Administration,Public Finance,Perbelanjaan Kerajaan Negeri,Pentadbiran Awam,Kewangan Awam,AUDIT,ANNUAL,STATE,,2022,2022
state_finance_revenue,2024-09-14,State Government Revenue,Public Administration,Public Finance,Hasil Kerajaan Negeri,Pentadbiran Awam,Kewangan Awam,AUDIT,ANNUAL,STATE,,2022,2022
water_pollution_basin,2024-09-14,River Basin Pollution Monitoring,Environment,Pollution,Pemantauan Pencemaran Lembangan Sungai,Alam Sekitar,Pencemaran,JAS,YEARLY,NATIONAL,,2000,2021
hh_income_state,2024-09-15,Household Income by State,Households,Income,Pendapatan Isi Rumah Mengikut Negeri,Isi Rumah,Pendapatan,DOSM,YEARLY,STATE,,1970,2024
hh_income_district,2024-09-15,Household Income by Administrative District,Households,Income,Pendapatan Isi Rumah Mengikut Daerah Pentadbiran,Isi Rumah,Pendapatan,DOSM,YEARLY,DISTRICT,,2019,2024
hh_income,2024-09-15,Household Income,Households,Income,Pendapatan Isi Rumah,Isi Rumah,Pendapatan,DOSM,YEARLY,NATIONAL,,1970,2024
hh_poverty,2024-09-15,Poverty,Households,Poverty,Kemiskinan,Isi Rumah,Kemiskinan,DOSM,YEARLY,NATIONAL,,1970,2024
hh_poverty_state,2024-09-15,Poverty by State,Households,Poverty,Kemiskinan Mengikut Negeri,Isi Rumah,Kemiskinan,DOSM,YEARLY,STATE,,1970,2024
hh_poverty_district,2024-09-15,Poverty by Administrative District,Households,Poverty,Kemiskinan mengikut Daerah Pentadbiran,Isi Rumah,Kemiskinan,DOSM,YEARLY,DISTRICT,,2019,2024
hh_inequality,2024-09-15,Income Inequality,Households,Inequality,Ketidaksamarataan Pendapatan,Isi Rumah,Ketidaksamarataan,DOSM,YEARLY,NATIONAL,,1970,2024
nutrition_children_sex,2024-09-17,Nutritional Status of Children Under 5 by Sex,Healthcare,General Health,Status Nutrisi Kanak-Kanak bawah 5 Tahun mengikut Jantina,Kesihatan,Kesihatan Umum,MOH,YEARLY,NATIONAL,SEX,2019,2019
nutrition_children_strata,2024-09-17,Nutritional Status of Children Under 5 by Strata,Healthcare,General Health,Status Nutrisi Kanak-Kanak bawah 5 Tahun mengikut Strata,Kesihatan,Kesihatan Umum,MOH,YEARLY,NATIONAL,SEX,2019,2019
deaths_early_childhood_state_sex,2024-09-19,Annual Early Childhood Deaths by State & Sex,Demography,Deaths,Kematian Kanak-Kanak Tahunan mengikut Negeri & Jantina,Demografi,Kematian,"JPN, DOSM",YEARLY,NATIONAL,,2017,2024
deaths_early_childhood_state,2024-09-19,Annual Early Childhood Deaths by State,Demography,Deaths,Kematian Kanak-Kanak Tahunan mengikut Negeri,Demografi,Kematian,"JPN, DOSM",YEARLY,STATE,,2000,2024
deaths_early_childhood_sex,2024-09-19,Annual Early Childhood Deaths by Sex,Demography,Deaths,Kematian Kanak-Kanak Tahunan mengikut Jantina,Demografi,Kematian,"JPN, DOSM",YEARLY,NATIONAL,,2017,2024
deaths_early_childhood,2024-09-19,Annual Early Childhood Deaths,Demography,Deaths,Kematian Kanak-Kanak Tahunan,Demografi,Kematian,"JPN, DOSM",YEARLY,NATIONAL,,2000,2024
fertility_state,2024-09-19,TFR and ASFR by State,Demography,Fertility,TFR dan ASFR mengikut Negeri,Demografi,Kesuburan,DOSM,YEARLY,NATIONAL,,2001,2024
fertility,2024-09-19,TFR and ASFR,Demography,Fertility,TFR dan ASFR,Demografi,Kesuburan,DOSM,YEARLY,NATIONAL,,1958,2024
hh_inequality_state,2024-09-20,Income Inequality by State,Households,Inequality,Ketidaksamarataan Pendapatan mengikut Negeri,Isi Rumah,Ketidaksamarataan,DOSM,YEARLY,STATE,,1974,2024
hh_inequality_district,2024-09-20,Income Inequality by District,Households,Inequality,Ketidaksamarataan Pendapatan mengikut Daerah,Isi Rumah,Ketidaksamarataan,DOSM,YEARLY,DISTRICT,,2019,2024
hh_profile_state,2024-09-21,Number of Households and Living Quarters by State,Households,Profile,Bilangan Isi Rumah dan Tempat Kediaman mengikut Negeri,Isi Rumah,Profil,DOSM,YEARLY,STATE,,1970,2024
hh_profile,2024-09-21,Number of Households and Living Quarters,Households,Profile,Bilangan Isi Rumah dan Tempat Kediaman,Isi Rumah,Profil,DOSM,YEARLY,NATIONAL,,1970,2024
crops_district_production,2024-09-21,Crop Production by District,Economic Sectors,Agriculture,Pengeluaran Tanaman mengikut Daerah,Sektor Ekonomi,Pertanian,"MAFS, DOA, DOSM",YEARLY,DISTRICT,,2017,2017
crops_district_area,2024-09-21,Crop Area by District,Economic Sectors,Agriculture,Keluasan Tanaman mengikut Daerah,Sektor Ekonomi,Pertanian,"MAFS, DOA, DOSM",YEARLY,DISTRICT,,2017,2017
crops_state,2024-09-21,Crop Area and Production by State,Economic Sectors,Agriculture,Keluasan dan Pengeluaran Tanaman mengikut Negeri,Sektor Ekonomi,Pertanian,"MAFS, DOA, DOSM",YEARLY,"NATIONAL, STATE",,2017,2022
water_production,2024-09-22,Water Production by State,Environment,Water,Pengeluaran Air Mengikut Negeri,Alam Sekitar,Air,"SPAN, NRES, DOSM",ANNUAL,"NATIONAL, STATE",,2000,2022
water_consumption,2024-09-22,Water Consumption by State and Sector,Environment,Water,Penggunaan Air Mengikut Negeri dan Sektor,Alam Sekitar,Air,"SPAN, NRES, DOSM",ANNUAL,"NATIONAL, STATE",,2003,2022
timber_production,2024-09-23,Production of Major Timber Products by State,Economic Sectors,Agriculture,Pengeluaran Produk Utama Kayu mengikut Negeri,Sektor Ekonomi,Pertanian,"Perhutanan, DOSM",YEARLY,"NATIONAL, STATE",,2000,2021
fish_landings,2024-09-23,Monthly Landings of Marine Fish by State,Economic Sectors,Agriculture,Pendaratan Ikan Laut Bulanan mengikut Negeri,Sektor Ekonomi,Pertanian,Perikanan,MONTHLY,"NATIONAL, STATE",,2018,2023
mineral_extraction,2024-09-23,Extraction of Minerals by State and Commodity,Economic Sectors,Mining & Quarrying,Pengeluaran Mineral mengikut Negeri dan Komoditi,Sektor Ekonomi,Perlombongan & Pengkuarian,"JMG, DOSM",MONTHLY,"NATIONAL, STATE",,2016,2021
marriages_state_age,2024-09-25,Annual Marriage by State & Age Group,Demography,Marriage,Perkahwinan Tahunan mengikut Negeri & Kumpulan Umur,Demografi,Perkahwinan,DOSM,YEARLY,STATE,,2017,2022
marriages_state,2024-09-25,Annual Marriages by State,Demography,Marriage,Perkahwinan Tahunan mengikut Negeri,Demografi,Perkahwinan,DOSM,YEARLY,STATE,,2017,2022
marriages_age,2024-09-25,Annual Marriage by Age Group,Demography,Marriage,Perkahwinan Tahunan mengikut Kumpulan Umur,Demografi,Perkahwinan,DOSM,YEARLY,NATIONAL,,2017,2022
marriages,2024-09-25,Annual Marriages,Demography,Marriage,Perkahwinan Tahunan,Demografi,Perkahwinan,DOSM,YEARLY,NATIONAL,,2017,2022
sdg_16-2-2,2024-09-25,SDG 16-2-2: Victims of Human Trafficking,Statistical Indicators,SDG Indicators,SDG 16-2-2: Mangsa Pemerdagangan Manusia,Indikator Statistik,Indikator SDG,KDN,ANNUAL,NATIONAL,,2016,2022
prisoners_state,2024-09-25,Prisoners by State and Sex,Public Safety,Justice,Banduan mengikut Negeri dan Jantina,Keselamatan Awam,Keadilan,Penjara,YEARLY,"NATIONAL, STATE",SEX,2017,2022
prisoners_prison,2024-09-25,Prisoners by Prison Centre and Sex,Public Safety,Justice,Banduan mengikut Penjara dan Jantina,Keselamatan Awam,Keadilan,Penjara,YEARLY,"STATE, DISTRICT",SEX,2017,2022
sdg_16-1-1,2024-09-25,SDG 16-1-1: Victims of Intentional Homicide,Statistical Indicators,SDG Indicators,SDG 16-1-1: Mangsa Pembunuhan,Indikator Statistik,Indikator SDG,PDRM,ANNUAL,"NATIONAL, STATE",,2016,2022
parliament_sex,2024-09-25,Female Representation in Parliament,Public Administration,Public Service,Peratus Wanita dalam Parlimen,Pentadbiran Awam,Perkhidmatan Awam,Parlimen,ANNUAL,NATIONAL,SEX,2016,2022
local_authority_sex,2024-09-27,Female Representation in Local Authorities,Public Administration,Public Service,Perwakilan Wanita dalam Pihak Berkuasa Tempatan,Pentadbiran Awam,Perkhidmatan Awam,KPKT,ANNUAL,"STATE, DISTRICT",SEX,2019,2022
crime_district,2024-09-27,Crimes by District & Crime Type,Public Safety,Crime,Jenayah mengikut Daerah & Jenis Jenayah,Keselamatan Awam,Jenayah,"PDRM, DOSM",YEARLY,"NATIONAL, STATE, DISTRICT",,2016,2023
federal_budget_moe,2024-09-27,Annual Budget Allocation for the Ministry of Education,Public Administration,Public Finance,Peruntukan Belanjawan Tahunan bagi Kementerian Pendidikan,Pentadbiran Awam,Kewangan Awam,MOF,YEARLY,NATIONAL,,2015,2024
federal_budget_moh,2024-09-27,Annual Budget Allocation for the Ministry of Health,Public Administration,Public Finance,Peruntukan Belanjawan Tahunan bagi Kementerian Kesihatan,Pentadbiran Awam,Kewangan Awam,MOF,YEARLY,NATIONAL,,2015,2024
hospital_beds,2024-09-27,Hospital Beds by State and Hospital Type,Healthcare,Healthcare Infrastructure,Katil Hospital mengikut Negeri dan Jenis Hospital,Kesihatan,Infrastruktur Kesihatan,MOH,YEARLY,"NATIONAL, STATE, DISTRICT",,2015,2022
healthcare_staff,2024-09-27,Healthcare Staff by State and Staff Type,Healthcare,Healthcare Infrastructure,Kakitangan Kesihatan mengikut Negeri dan Jenis Kakitangan,Kesihatan,Infrastruktur Kesihatan,MOH,YEARLY,"NATIONAL, STATE",,2014,2022
water_access,2024-09-27,Access to Treated Water by State & Strata,Environment,Water,Akses ke Air Dirawat Mengikut Negeri & Strata,Alam Sekitar,Air,"SPAN, NRES",YEARLY,"NATIONAL, STATE",,2000,2022
sanitation_access,2024-09-27,Access to Sanitary Latrines by State,Healthcare,Healthcare Infrastructure,Akses kepada Tandas Sempurna mengikut Negeri,Kesihatan,Infrastruktur Kesihatan,MOH,YEARLY,"NATIONAL, STATE",,2000,2022
hh_access_amenities,2024-09-27,Access to Basic Amenities by State & District,Households,Basic Amenities,Akses kepada Kemudahan Asas mengikut Negeri & Daerah,Isi Rumah,Kemudahan Asas,DOSM,YEARLY,"STATE, DISTRICT",,2016,2024
electricity_access,2024-09-27,Households with Access to Electricity,Environment,Energy,Isi Rumah dengan Akses ke Bekalan Elektrik,Alam Sekitar,Tenaga,"TNB, SESB, SWK-ENERGY, ST",YEARLY,NATIONAL,,2011,2021
sdg_04-6-1,2024-09-27,SDG 04-6-1: Proficiency in Functional Literacy and Numeracy,Statistical Indicators,SDG Indicators,SDG 04-6-1: Kemahiran Literasi dan Numerasi,Indikator Statistik,Indikator SDG,DOSM,YEARLY,"NATIONAL, STATE",,2016,2022
schools_district,2024-09-27,Public Education Institutions by District,Education,Education Infrastructure,Institusi Pendidikan Awam mengikut Daerah,Pendidikan,Infrastruktur Pendidikan,MOE,YEARLY,"NATIONAL, STATE, DISTRICT",,2017,2025
lecturers_uni,2024-09-27,Lecturers in Public Universities by Citizenship & Sex,Education,Education Infrastructure,Pensyarah di Universiti Awam mengikut Kewarganegaraan & Jantina,Pendidikan,Infrastruktur Pendidikan,MOHE,YEARLY,"NATIONAL, STATE","SEX, NATIONALITY",2014,2023
teachers_district,2024-09-27,Teachers in Government Schools by District,Education,Education Infrastructure,Guru di Sekolah Kerajaan mengikut Daerah,Pendidikan,Infrastruktur Pendidikan,MOE,YEARLY,"NATIONAL, STATE, DISTRICT",SEX,2017,2025
completion_school_state,2024-09-27,School Completion Rates by State,Education,Education Outcomes,Kadar Tamat Pengajian Sekolah mengikut Negeri,Pendidikan,Prestasi Pendidikan,MOE,YEARLY,"NATIONAL, STATE",SEX,2016,2022
enrolment_school_district,2024-09-27,Enrolment in Government Schools by District,Education,Education Outcomes,Enrolmen di Sekolah Kerajaan mengikut Daerah,Pendidikan,Prestasi Pendidikan,MOE,YEARLY,"NATIONAL, STATE, DISTRICT",SEX,2017,2025
sdg_03-3-1,2024-09-28,"SDG 03-3-1: HIV Incidence per 1,000 Uninfected Population",Statistical Indicators,SDG Indicators,"SDG 03-3-1: Insiden HIV per 1,000 Penduduk Tidak dijangkiti",Indikator Statistik,Indikator SDG,MOH,YEARLY,NATIONAL,SEX,2016,2022
std_state,2024-09-28,Sexually Transmitted Diseases (STDs) by State,Healthcare,Infectious Diseases,Jangkitan Transmisi Seksual (STD) mengikut Negeri,Kesihatan,Penyakit Berjangkit,MOH,YEARLY,"NATIONAL, STATE",,2017,2022
mnha,2024-11-12,MNHA: Total (TEH) and Current (CHE) Expenditure on Health,Healthcare,Healthcare Accounts,MNHA: Perbelanjaan Kesihatan Keseluruhan (TEH) dan Semasa (CHE),Kesihatan,Akaun Kesihatan,MOH,ANNUAL,NATIONAL,,2013,2022
mnha_moh,2024-11-12,MNHA: MOH Expenditure on Health,Healthcare,Healthcare Accounts,MNHA: Perbelanjaan Kesihatan oleh KKM,Kesihatan,Akaun Kesihatan,MOH,ANNUAL,NATIONAL,,2013,2022
employment_sector,2024-11-27,Employment by MSIC Sector and Sex,Labour Markets,Labour Force Survey,Pekerjaan Mengikut Sektor MSIC dan Jantina,Pasaran Buruh,Survei Tenaga Buruh,DOSM,ANNUAL,NATIONAL,,2001,2022
infant_immunisation,2024-11-27,Infant Immunisation Coverage,Healthcare,Healthcare Programs,Liputan Imunisasi Bayi,Kesihatan,Program Kesihatan,MOH,ANNUAL,NATIONAL,,2000,2023
cellular_subscribers,2024-11-27,Cellular Subscribers by Plan Type,Communications,Telecommunications,Pelanggan Selular Mengikut Jenis Pelan,Komunikasi,Telekomunikasi,MCMC,ANNUAL,NATIONAL,,2000,2021
passports,2024-12-05,Monthly Passport Issuances by State and Branch,Demography,Migration,Pengeluaran Pasport Bulanan mengikut Negeri dan Cawangan,Demografi,Migrasi,Imigresen,MONTHLY,"NATIONAL, STATE",,2020,2024
domains,2025-01-24,Number of Registered .MY Domains,Public Administration,Digital Infrastructure,Bilangan Pendaftaran Domain .MY,Pentadbiran Awam,Infrastruktur Digital,"MYNIC, KD",MONTHLY,NATIONAL,,2007,2025
domains_ipv6,2025-01-24,Number of Registered .MY Domains with IPv6 DNS,Public Administration,Digital Infrastructure,Bilangan Pendaftaran Domain .MY dengan DNS IPv6,Pentadbiran Awam,Infrastruktur Digital,"MYNIC, KD",MONTHLY,NATIONAL,,2009,2024
domains_dnssec,2025-01-24,Number of Registered .MY Domains with DNSSEC,Public Administration,Digital Infrastructure,Bilangan Pendaftaran Domain .MY dengan DNSSEC,Pentadbiran Awam,Infrastruktur Digital,"MYNIC, KD",MONTHLY,NATIONAL,,2011,2025
domains_idn,2025-01-24,Number of Registered Internationalised .MY Domains,Public Administration,Digital Infrastructure,Bilangan Pendaftaran Domain .MY yang Berinternasionalisasi,Pentadbiran Awam,Infrastruktur Digital,"MYNIC, KD",MONTHLY,NATIONAL,,2011,2024
sppi_1d,2025-02-07,SPPI by Section (1 digit),Prices,Producer Prices,IHPR mengikut Seksyen (1 digit),Harga,Harga Pengeluar,DOSM,QUARTERLY,NATIONAL,,2015,2026
sppi_2d,2025-02-07,SPPI by Division (2 digits),Prices,Producer Prices,IHPR mengikut Bahagian (2 digit),Harga,Harga Pengeluar,DOSM,QUARTERLY,NATIONAL,,2015,2026
sppi_3d,2025-02-07,SPPI by Group (3 digits),Prices,Producer Prices,IHPR mengikut Kumpulan (3 digit),Harga,Harga Pengeluar,DOSM,QUARTERLY,NATIONAL,,2015,2026
sppi,2025-02-07,Headline Services Producer Price Index (SPPI),Prices,Producer Prices,Indeks Harga Pengeluar Perkhidmatan (IHPRP) Keseluruhan,Harga,Harga Pengeluar,DOSM,QUARTERLY,NATIONAL,,2015,2026
productivity_lookup,2025-02-22,Lookup Table: Labour Productivity,Labour Markets,Labour Productivity,Jadual Carian: Produktiviti Tenaga Buruh,Pasaran Buruh,Produktiviti Tenaga Buruh,DOSM,INFREQUENT,NATIONAL,,2015,2025
productivity_annual,2025-02-23,Annual Productivity by Economic Sector,Labour Markets,Labour Productivity,Produktiviti Tahunan mengikut Sektor Ekonomi,Pasaran Buruh,Produktiviti Tenaga Buruh,DOSM,YEARLY,NATIONAL,,2015,2025
productivity_qtr,2025-02-23,Quarterly Productivity by Economic Sector,Labour Markets,Labour Productivity,Produktiviti Suku Tahunan mengikut Sektor Ekonomi,Pasaran Buruh,Produktiviti Tenaga Buruh,DOSM,QUARTERLY,NATIONAL,,2015,2025
productivity_annual_priority,2025-02-23,Annual Productivity for Priority Subsectors,Labour Markets,Labour Productivity,Produktiviti Tahunan untuk Subsektor Penting,Pasaran Buruh,Produktiviti Tenaga Buruh,DOSM,YEARLY,NATIONAL,,2015,2025
ridership_ktmb_daily,2025-03-18,Daily KTMB Ridership,Transportation,Ridership,Penggunaan Harian Perkhidmatan KTMB,Pengangkutan,Penggunaan,"KTMB, MOT",DAILY,NATIONAL,,2020,2025
ridership_ktmb_monthly,2025-03-18,Monthly KTMB Ridership,Transportation,Ridership,Penggunaan Bulanan Perkhidmatan KTMB,Pengangkutan,Penggunaan,"KTMB, MOT",MONTHLY,NATIONAL,,2020,2025
ridership_od_shuttle_tebrau,2025-03-18,Hourly Origin-Destination Ridership: Shuttle Tebrau,Transportation,Ridership,Penumpang Asal-Destinasi secara Jam: Shuttle Tebrau,Pengangkutan,Penggunaan,"KTMB, MOT",DAILY,"NATIONAL, STATE, DISTRICT",,2022,2025
ridership_od_komuter_utara,2025-03-18,Hourly Origin-Destination Ridership: Komuter Utara,Transportation,Ridership,Penumpang Asal-Destinasi secara Jam: Komuter Utara,Pengangkutan,Penggunaan,"KTMB, MOT",DAILY,"NATIONAL, STATE, DISTRICT",,2020,2025
ridership_od_intercity,2025-03-18,Hourly Origin-Destination Ridership: Intercity,Transportation,Ridership,Penumpang Asal-Destinasi secara Jam: Antarabandar,Pengangkutan,Penggunaan,"KTMB, MOT",DAILY,"NATIONAL, STATE, DISTRICT",,2020,2025
ridership_od_komuter,2025-03-18,Hourly Origin-Destination Ridership: Komuter,Transportation,Ridership,Penumpang Asal-Destinasi secara Jam: Komuter,Pengangkutan,Penggunaan,"KTMB, MOT",DAILY,"NATIONAL, STATE, DISTRICT",,2023,2025
ridership_od_ets,2025-03-18,Hourly Origin-Destination Ridership: ETS,Transportation,Ridership,Penumpang Asal-Destinasi secara Jam: ETS,Pengangkutan,Penggunaan,"KTMB, MOT",DAILY,"NATIONAL, STATE, DISTRICT",,2020,2025
usage_metrics,2025-08-15,Daily Usage Metrics for data.gov.my,Metadata,Site Metrics,Metrik Penggunaan Harian untuk data.gov.my,Metadata,Metrik Portal,"JDN, KD",DAILY,,,2023,2026
government_apps_downloads,2025-08-29,Downloads of Government Mobile Applications,Public Administration,Digital Services,Muat Turun bagi Aplikasi Mudah Alih Kerajaan,Pentadbiran Awam,Perkhidmatan Digital,"JDN, KD",MONTHLY,NATIONAL,,2015,2026
epf_dividend,2025-09-24,Annual EPF Dividend,Public Welfare,Retirement,Dividen KWSP Tahunan,Kebajikan Awam,Persaraan,EPF,YEARLY,NATIONAL,,1952,2025
usage_metrics_openapi,2025-09-30,Daily OpenAPI Hits by Endpoint,Metadata,Site Metrics,Penggunaan OpenAPI Harian mengikut Endpoint,Metadata,Metrik Portal,"JDN, KD",DAILY,,,2023,2026
usage_metrics_openapi_cumul,2025-09-30,Cumulative OpenAPI Hits by Endpoint,Metadata,Site Metrics,Penggunaan OpenAPI Kumulatif mengikut Endpoint,Metadata,Metrik Portal,"JDN, KD",DAILY,,,2023,2026
currency_codes,2025-10-24,Currency Codes (ISO 4217),Data Dictionaries,International,Kod Mata Wang (ISO 4217),Kamus Data,Antarabangsa,JDN,ONE-OFF,,,2025,2025
metrics_content,2026-01-10,Number of Datasets on data.gov.my,Metadata,Site Metrics,Bilangan Set Data di data.gov.my,Metadata,Metrik Portal,"JDN, KD",MONTHLY,,,2023,2026
metrics_dataset_cumul,2026-01-10,Cumulative Views and Downloads by Dataset,Metadata,Site Metrics,Paparan dan Muat Turun Kumulatif mengikut Set Data,Metadata,Metrik Portal,"JDN, KD",DAILY,,,2023,2026
datasets,2026-01-11,List of Datasets on data.gov.my,Metadata,Site Content,Senarai Set Data di data.gov.my,Metadata,Kandungan Portal,"JDN, KD",MONTHLY,,,2023,2026
trnsc_daily_fpx,2026-01-11,Daily FPX Transactions,Financial Markets,Payments,Transaksi FPX Harian,Pasaran Kewangan,Pembayaran,"PayNet, BNM",DAILY,NATIONAL,,2020,2026
trnsc_daily_san,2026-01-11,Daily Shared ATM Network (SAN) Transactions,Financial Markets,Payments,Transaksi Rangkaian ATM Kongsi (SAN) Harian,Pasaran Kewangan,Pembayaran,"PayNet, BNM",DAILY,NATIONAL,,2020,2026
trnsc_daily_jompay,2026-01-11,Daily JomPAY Transactions,Financial Markets,Payments,Transaksi JomPAY Harian,Pasaran Kewangan,Pembayaran,"PayNet, BNM",DAILY,NATIONAL,,2020,2026
trnsc_daily_directdebit,2026-01-11,Daily DirectDebit Transactions,Financial Markets,Payments,Transaksi DirectDebit Harian,Pasaran Kewangan,Pembayaran,"PayNet, BNM",DAILY,NATIONAL,,2020,2026
drug_arrests_age,2026-01-15,Drug Arrests by Sex & Age,Public Safety,Drug Addiction,Tangkapan Dadah Mengikut Jantina & Umur,Keselamatan Awam,Penagihan Dadah,"PDRM, KDN",YEARLY,NATIONAL,"SEX, AGE",2019,2023
drug_arrests_ethnicity,2026-01-15,Drug Arrests by Sex & Ethnicity,Public Safety,Drug Addiction,Tangkapan Jenayah Dadah Mengikut Jantina & Etnik,Keselamatan Awam,Penagihan Dadah,"PDRM, KDN",YEARLY,NATIONAL,"SEX, ETHNICITY",2019,2023
drug_addicts_age,2026-01-15,Drug Addicts by State & Age Group,Public Safety,Drug Addiction,Penagih Dadah mengikut Negeri & Kumpulan Umur,Keselamatan Awam,Penagihan Dadah,"AADK, KDN",YEARLY,"NATIONAL, STATE",AGE,2015,2023
drug_addicts_education,2026-01-15,Drug Addicts by Highest Education Level,Public Safety,Drug Addiction,Penagih Dadah Mengikut Tahap Pendidikan Tertinggi,Keselamatan Awam,Penagihan Dadah,"AADK, KDN",YEARLY,"NATIONAL, STATE",,2015,2023
drug_addicts_occupation,2026-01-15,Drug Addicts by State & Occupation,Public Safety,Drug Addiction,Penagih Dadah mengikut Negeri & Pekerjaan,Keselamatan Awam,Penagihan Dadah,"AADK, KDN",YEARLY,"NATIONAL, STATE",,2016,2023
drug_addicts_drugtype,2026-01-15,Drug Addicts by State & Drug Type,Public Safety,Drug Addiction,Penagih Dadah mengikut Negeri & Jenis Dadah,Keselamatan Awam,Penagihan Dadah,"AADK, KDN",YEARLY,"NATIONAL, STATE",NATIONALITY,2015,2023
payment_instruments,2026-01-15,Monthly Usage of Payment Instruments,Financial Markets,Payments,Penggunaan Instrumen Pembayaran Bulanan,Pasaran Kewangan,Pembayaran,BNM,DAILY,NATIONAL,,2019,2026
payment_channels,2026-01-15,Monthly Usage of Payment Channels,Financial Markets,Payments,Penggunaan Saluran Pembayaran Bulanan,Pasaran Kewangan,Pembayaran,BNM,DAILY,NATIONAL,,2019,2026
payment_systems,2026-01-15,Monthly Usage of Payment Systems,Financial Markets,Payments,Penggunaan Sistem Pembayaran Bulanan,Pasaran Kewangan,Pembayaran,BNM,DAILY,NATIONAL,,2019,2026
lfs_parlimen,2026-01-15,Annual Principal Labour Force Statistics by Parliament,Labour Markets,Labour Force Survey,Statistik Tenaga Buruh Tahunan Utama mengikut Parlimen,Pasaran Buruh,Survei Tenaga Buruh,DOSM,YEARLY,PARLIMEN,,2021,2023
lfs_dun,2026-01-15,Annual Principal Labour Force Statistics by DUN,Labour Markets,Labour Force Survey,Statistik Tenaga Buruh Tahunan Utama mengikut DUN,Pasaran Buruh,Survei Tenaga Buruh,DOSM,YEARLY,DUN,,2021,2023
hh_income_parlimen,2026-01-15,Household Income by Parliament,Households,Income,Pendapatan Isi Rumah mengikut Parlimen,Isi Rumah,Pendapatan,DOSM,YEARLY,PARLIMEN,,2019,2024
hh_income_dun,2026-01-15,Household Income by DUN,Households,Income,Pendapatan Isi Rumah mengikut DUN,Isi Rumah,Pendapatan,DOSM,YEARLY,DUN,,2019,2024
hh_expenditure_parlimen,2026-01-15,Household Expenditure by Parliament,Households,Expenditure,Perbelajaan Isi Rumah mengikut Parlimen,Isi Rumah,Perbelanjaan,DOSM,YEARLY,PARLIMEN,,2019,2024
hh_expenditure_dun,2026-01-15,Household Expenditure by DUN,Households,Expenditure,Perbelajaan Isi Rumah mengikut DUN,Isi Rumah,Perbelanjaan,DOSM,YEARLY,DUN,,2019,2024
hh_poverty_parlimen,2026-01-15,Poverty by Parliament,Households,Poverty,Kemiskinan mengikut Parlimen,Isi Rumah,Kemiskinan,DOSM,YEARLY,PARLIMEN,,2019,2024
hh_poverty_dun,2026-01-15,Poverty by DUN,Households,Poverty,Kemiskinan mengikut DUN,Isi Rumah,Kemiskinan,DOSM,YEARLY,DUN,,2019,2024
hh_inequality_parlimen,2026-01-15,Income Inequality by Parliament,Households,Inequality,Ketidaksamarataan Pendapatan mengikut Parlimen,Isi Rumah,Ketidaksamarataan,DOSM,YEARLY,PARLIMEN,,2019,2024
hh_inequality_dun,2026-01-15,Income Inequality by DUN,Households,Inequality,Ketidaksamarataan Pendapatan mengikut DUN,Isi Rumah,Ketidaksamarataan,DOSM,YEARLY,DUN,,2019,2024
ridership_od_rapidrail_daily,2026-04-02,Daily Origin-Destination Ridership: Rapid Rail (KV),Transportation,Ridership,Penumpang Asal-Destinasi Harian: Rapid Rail (KV),Pengangkutan,Penggunaan,"Prasarana, MOT",DAILY,"NATIONAL, STATE, DISTRICT",,2023,2026
ridership_od_brt_daily,2026-04-02,Daily Origin-Destination Ridership: BRT Sunway Line,Transportation,Ridership,Penumpang Asal-Destinasi Harian: BRT Laluan Sunway,Pengangkutan,Penggunaan,"Prasarana, MOT",DAILY,"NATIONAL, STATE, DISTRICT",,2023,2026
registration_transactions_all,2026-04-03,Vehicle Registration Transactions,Transportation,Vehicle Registrations,Transaksi Pendaftaran Kenderaan,Pengangkutan,Pendaftaran Kenderaan,"JPJ, MOT",DAILY,STATE,,2000,2026
registration_transactions_motorcycle,2026-04-03,Motorcycle Registration Transactions,Transportation,Vehicle Registrations,Transaksi Pendaftaran Motosikal,Pengangkutan,Pendaftaran Kenderaan,"JPJ, MOT",DAILY,STATE,,2000,2026
registrations_type_fuel,2026-04-03,Monthly Vehicle Registrations by Vehicle and Fuel Type,Transportation,Vehicle Registrations,Pendaftaran Kenderaan Bulanan mengikut Jenis Kenderaan dan Bahan Bakar,Pengangkutan,Pendaftaran Kenderaan,"JPJ, MOT",MONTHLY,NATIONAL,,2000,2026
legal_advisory_branch,2025-11-17,Legal Advisory Services by Branch,Public Safety,Justice,Perkhidmatan Nasihat Undang-Undang mengikut Cawangan,Keselamatan Awam,Keadilan,JBG,MONTHLY,"NATIONAL, STATE",,2019,2024
legal_advisory_category,2025-11-17,Legal Advisory Services by Branch & Category,Public Safety,Justice,Perkhidmatan Nasihat Undang-Undang mengikut Cawangan & Kategori,Keselamatan Awam,Keadilan,JBG,MONTHLY,"NATIONAL, STATE",,2019,2024
legal_advisory_subcategory,2025-11-17,Legal Advisory Services by Branch & Subcategory,Public Safety,Justice,Perkhidmatan Nasihat Undang-Undang mengikut Cawangan & Subkategori,Keselamatan Awam,Keadilan,JBG,MONTHLY,"NATIONAL, STATE",,2019,2024
legal_advisory_case_type,2025-11-17,Legal Advisory Services by Branch & Case Type,Public Safety,Justice,Perkhidmatan Nasihat Undang-Undang mengikut Cawangan & Jenis Kes,Keselamatan Awam,Keadilan,JBG,MONTHLY,"NATIONAL, STATE",,2019,2024
almanak_astronomi,2026-07-31,Astronomy Almanac ,Data Dictionaries,Other,Almanak Astronomi,Kamus Data,Lain-lain,MYSA,DAILY,NATIONAL,,2022,2026
trade_headline,2026-04-30,Headline Monthly Trade in Goods,Economic Sectors,External Trade,Statistik Perdagangan Barangan Bulanan,Sektor Ekonomi,Perdagangan Luar,DOSM,MONTHLY,NATIONAL,,2000,2026
bec,2026-04-30,Broad Economic Categories (BEC),Data Dictionaries,National,Kategori Ekonomi Umum (BEC),Kamus Data,Nasional,DOSM,INFREQUENT,NATIONAL,,2008,2008
trade_enduse_bec,2026-04-30,Monthly Retained Imports by End Use and BEC,Economic Sectors,External Trade,Import Tertangguh Bulanan mengikut Penggunaan Akhir dan BEC,Sektor Ekonomi,Perdagangan Luar,DOSM,MONTHLY,NATIONAL,,2010,2026
poskod,2026-06-16,Postcode Dataset,Data Dictionaries,National,Dataset Poskod,Kamus Data,Nasional,MCMC,YEARLY,"NATIONAL, STATE",,2026,2026
