id,record_kind,title_en,title_ms,category_en,subcategory_en,source_agencies,frequency,api_available,opendosm_api_available,field_count,data_begin_year,data_end_year,last_updated,next_update,official_page
air_pollution,catalogue_dataset,Monthly Air Pollution,Pencemaran Udara Bulanan,Environment,Pollution,JAS | DOSM,MONTHLY,true,true,3,2017,2022,2023-11-27 12:00,2024-11-27 12:00,https://data.gov.my/data-catalogue/air_pollution
almanak_astronomi,catalogue_dataset,Astronomy Almanac ,Almanak Astronomi,Data Dictionaries,Other,MYSA,DAILY,true,false,3,2022,2026,2026-04-23 16:10:38.307 +08:00,-,https://data.gov.my/data-catalogue/almanak_astronomi
arc_dosm,catalogue_dataset,DOSM's Advance Release Calendar,Kalendar Awalan Keluaran DOSM,Metadata,Site Content,DOSM,DAILY,true,true,12,2026,2026,2026-09-10 07:59,2026-09-11 08:00,https://data.gov.my/data-catalogue/arc_dosm
arrivals,catalogue_dataset,Monthly Arrivals by Nationality & Sex,Kemasukan Bulanan mengikut Kewarganegaraan & Jantina,Demography,Migration,Imigresen,MONTHLY,true,false,5,2020,2024,2024-11-25 16:00,2024-12-25 16:00,https://data.gov.my/data-catalogue/arrivals
arrivals_soe,catalogue_dataset,"Monthly Arrivals by State of Entry, Nationality & Sex","Kemasukan Bulanan mengikut Negeri Pintu Masuk, Kewarganegaraan & Jantina",Demography,Migration,Imigresen,MONTHLY,false,false,6,2020,2024,2024-11-25 16:00,2024-12-25 16:00,https://data.gov.my/data-catalogue/arrivals_soe
bec,catalogue_dataset,Broad Economic Categories (BEC),Kategori Ekonomi Umum (BEC),Data Dictionaries,National,DOSM,INFREQUENT,true,true,4,2008,2008,2026-04-28,-,https://data.gov.my/data-catalogue/bec
births,catalogue_dataset,Daily Live Births,Kelahiran Hidup Harian,Demography,Births,JPN,DAILY,true,false,3,1920,2023,2023-09-09 08:00,—,https://data.gov.my/data-catalogue/births
births_annual,catalogue_dataset,Annual Live Births,Kelahiran Hidup Tahunan,Demography,Births,JPN | DOSM,YEARLY,true,true,3,2000,2024,2025-10-16 12:00,2026-10-15 12:30,https://data.gov.my/data-catalogue/births_annual
births_annual_sex_ethnic,catalogue_dataset,Annual Live Births by Sex & Ethnicity,Kelahiran Hidup Tahunan mengikut Jantina & Etnik,Demography,Births,JPN | DOSM,YEARLY,true,true,5,2000,2023,2025-10-16 12:00,2026-10-15 12:30,https://data.gov.my/data-catalogue/births_annual_sex_ethnic
births_annual_sex_ethnic_state,catalogue_dataset,"Annual Live Births by State, Sex, & Ethnicity","Kelahiran Hidup Tahunan mengikut Negeri, Jantina & Etnik",Demography,Births,JPN | DOSM,YEARLY,true,true,5,2000,2023,2025-10-16 12:00,2026-10-15 12:30,https://data.gov.my/data-catalogue/births_annual_sex_ethnic_state
births_annual_state,catalogue_dataset,Annual Live Births by State,Kelahiran Hidup Tahunan mengikut Negeri,Demography,Births,JPN | DOSM,YEARLY,true,true,4,2000,2024,2025-10-16 12:00,2026-10-15 12:30,https://data.gov.my/data-catalogue/births_annual_state
births_district_sex,catalogue_dataset,Annual Live Births by District & Sex,Kelahiran Hidup Tahunan mengikut Daerah & Jantina,Demography,Births,JPN | DOSM,YEARLY,true,true,6,2020,2024,2025-10-16 12:00,2026-10-16 12:30,https://data.gov.my/data-catalogue/births_district_sex
blood_donations,catalogue_dataset,Daily Blood Donations by Blood Group,Pendermaan Darah Harian mengikut Kumpulan Darah,Healthcare,Healthcare Programs,PDN | MOH,DAILY,true,false,3,2006,2024,2026-09-10 10:00,2026-09-11 10:00,https://data.gov.my/data-catalogue/blood_donations
blood_donations_state,catalogue_dataset,Daily Blood Donations by Blood Group & State,Pendermaan Darah Harian mengikut Kumpulan Darah & Negeri,Healthcare,Healthcare Programs,PDN | MOH,DAILY,true,false,4,2006,2024,2026-09-10 10:00,2026-09-11 10:00,https://data.gov.my/data-catalogue/blood_donations_state
bop_balance,catalogue_dataset,Balance of Key BOP Components,Baki Komponen Utama BOP,National Accounts,Balance of Payments,DOSM,QUARTERLY,true,true,3,2010,2026,2026-08-14 12:00,2026-11-18 12:00,https://data.gov.my/data-catalogue/bop_balance
cellular_subscribers,catalogue_dataset,Cellular Subscribers by Plan Type,Pelanggan Selular Mengikut Jenis Pelan,Communications,Telecommunications,MCMC,ANNUAL,true,false,3,2000,2021,2024-11-26 12:00,2025-12-31 12:00,https://data.gov.my/data-catalogue/cellular_subscribers
completion_school_state,catalogue_dataset,School Completion Rates by State,Kadar Tamat Pengajian Sekolah mengikut Negeri,Education,Education Outcomes,MOE,YEARLY,true,true,5,2016,2022,2024-09-01 12:00,tbc,https://data.gov.my/data-catalogue/completion_school_state
cosmetic_notifications,catalogue_dataset,Notified Cosmetic Products,Produk Komestik Bernotifikasi,Healthcare,Regulation,NPRA | MOH,DAILY,false,false,4,2024,2024,2026-09-08 08:21,2026-09-09 12:00,https://data.gov.my/data-catalogue/cosmetic_notifications
cosmetic_notifications_cancelled,catalogue_dataset,Cancelled Cosmetic Product Notifications,Produk Komestik Dibatalkan Notifikasi,Healthcare,Regulation,NPRA | MOH,DAILY,false,false,5,2024,2024,2026-09-08 08:21,2026-09-09 12:00,https://data.gov.my/data-catalogue/cosmetic_notifications_cancelled
cosmetics_manufacturers,catalogue_dataset,Approved Manufacturers of Cosmetic Products,Pengilang Produk Kosmetik Berlesen,Healthcare,Regulation,NPRA | MOH,DAILY,false,false,4,2024,2024,2026-09-08 08:21,2026-09-09 12:00,https://data.gov.my/data-catalogue/cosmetics_manufacturers
covid_cases,catalogue_dataset,Daily COVID-19 Cases by State,Kes COVID-19 Harian mengikut Negeri,Healthcare,Infectious Diseases,MOH,DAILY,true,false,7,2020,2023,2025-06-01 12:00,2025-06-08 12:00,https://data.gov.my/data-catalogue/covid_cases
covid_cases_age,catalogue_dataset,Daily COVID-19 Cases by Age Group & State,Kes COVID-19 Harian mengikut Kumpulan Umur & Negeri,Healthcare,Infectious Diseases,MOH,DAILY,true,false,16,2020,2023,2025-06-01 12:00,2025-06-08 12:00,https://data.gov.my/data-catalogue/covid_cases_age
covid_cases_vaxstatus,catalogue_dataset,Daily COVID-19 Cases by Vaccination Status & State,Kes COVID-19 Harian mengikut Status Vaksinasi & Negeri,Healthcare,Infectious Diseases,MOH,DAILY,true,false,6,2020,2023,2025-06-01 12:00,2025-06-08 12:00,https://data.gov.my/data-catalogue/covid_cases_vaxstatus
covid_deaths_linelist,catalogue_dataset,Transactional Records: Deaths due to COVID-19,Rekod Transaksi: Kematian disebabkan oleh COVID-19,Healthcare,Infectious Diseases,MOH,DAILY,false,false,15,2020,2024,2025-06-01 12:00,2025-06-08 12:00,https://data.gov.my/data-catalogue/covid_deaths_linelist
cpi_3d,catalogue_dataset,Monthly CPI by Group (3-digit),IHP Bulanan mengikut Kumpulan (3-digit),Prices,Consumer Prices,DOSM,MONTHLY,false,false,3,2010,2026,2026-08-17 16:07,2026-09-18 12:30,https://data.gov.my/data-catalogue/cpi_3d
cpi_4d,catalogue_dataset,Monthly CPI by Class (4-digit),IHP Bulanan mengikut Kelas (4-digit),Prices,Consumer Prices,DOSM,MONTHLY,false,false,3,2010,2026,2026-08-17 16:07,2026-09-18 12:30,https://data.gov.my/data-catalogue/cpi_4d
cpi_5d,catalogue_dataset,Monthly CPI by Subclass (5-digit),IHP Bulanan mengikut Subkelas (5-digit),Prices,Consumer Prices,DOSM,MONTHLY,false,false,3,2010,2026,2026-08-17 16:07,2026-09-18 12:30,https://data.gov.my/data-catalogue/cpi_5d
cpi_annual,catalogue_dataset,Annual CPI by Division (2-digit),IHP Tahunan mengikut Bahagian (2-digit),Prices,Consumer Prices,DOSM,YEARLY,true,true,3,1960,2025,2026-01-22 12:00,2027-01-22 12:00,https://data.gov.my/data-catalogue/cpi_annual
cpi_annual_inflation,catalogue_dataset,Annual CPI Inflation by Division (2-digit),Inflasi IHP Tahunan mengikut Bahagian (2-digit),Prices,Consumer Prices,DOSM,YEARLY,true,true,3,1961,2025,2026-01-22 12:00,2027-01-22 12:00,https://data.gov.my/data-catalogue/cpi_annual_inflation
cpi_core,catalogue_dataset,Monthly Core CPI by Division (2-digit),IHP Teras Bulanan mengikut Bahagian (2-digit),Prices,Consumer Prices,DOSM,MONTHLY,true,true,3,2015,2026,2026-08-17 16:07,2026-09-18 12:30,https://data.gov.my/data-catalogue/cpi_core
cpi_core_inflation,catalogue_dataset,Monthly Core CPI Inflation by Division (2-digit),Inflasi IHP Teras Bulanan mengikut Bahagian (2-digit),Prices,Consumer Prices,DOSM,MONTHLY,true,true,3,2015,2026,2026-08-17 16:07,2026-09-18 12:30,https://data.gov.my/data-catalogue/cpi_core_inflation
cpi_headline,catalogue_dataset,Monthly CPI by Division (2-digit),IHP Bulanan mengikut Bahagian (2-digit),Prices,Consumer Prices,DOSM,MONTHLY,true,true,3,2000,2026,2026-08-17 16:07,2026-09-18 12:30,https://data.gov.my/data-catalogue/cpi_headline
cpi_headline_inflation,catalogue_dataset,Monthly CPI Inflation by Division (2-digit),Inflasi IHP Bulanan mengikut Bahagian (2-digit),Prices,Consumer Prices,DOSM,MONTHLY,true,true,4,2001,2026,2026-08-17 16:07,2026-09-18 12:30,https://data.gov.my/data-catalogue/cpi_headline_inflation
cpi_lowincome,catalogue_dataset,Monthly CPI for Low-Income Households,IHP Bulanan bagi Isi Rumah Berpendapatan Rendah,Prices,Consumer Prices,DOSM,MONTHLY,true,true,3,2010,2026,2026-08-17 16:07,2026-09-18 12:30,https://data.gov.my/data-catalogue/cpi_lowincome
cpi_state,catalogue_dataset,Monthly CPI by State & Division (2-digit),IHP Bulanan mengikut Negeri & Bahagian (2-digit),Prices,Consumer Prices,DOSM,MONTHLY,true,true,4,2010,2026,2026-08-17 16:07,2026-09-18 12:30,https://data.gov.my/data-catalogue/cpi_state
cpi_state_inflation,catalogue_dataset,Monthly CPI Inflation by State & Division (2-digit),Inflasi IHP Bulanan mengikut Negeri & Bahagian (2-digit),Prices,Consumer Prices,DOSM,MONTHLY,true,true,5,2010,2026,2026-08-17 16:07,2026-09-18 12:30,https://data.gov.my/data-catalogue/cpi_state_inflation
cpi_strata,catalogue_dataset,Monthly CPI by Strata & Division (2-digit),IHP Bulanan mengikut Strata & Bahagian (2-digit),Prices,Consumer Prices,DOSM,MONTHLY,true,true,4,2010,2026,2026-08-17 16:07,2026-09-18 12:30,https://data.gov.my/data-catalogue/cpi_strata
crime_district,catalogue_dataset,Crimes by District & Crime Type,Jenayah mengikut Daerah & Jenis Jenayah,Public Safety,Crime,PDRM | DOSM,YEARLY,true,true,6,2016,2023,2024-10-16 12:00,2025-12-31 12:00,https://data.gov.my/data-catalogue/crime_district
crops_district_area,catalogue_dataset,Crop Area by District,Keluasan Tanaman mengikut Daerah,Economic Sectors,Agriculture,MAFS | DOA | DOSM,YEARLY,true,true,6,2017,2017,2023-12-31 12:00,2024-12-31 12:00,https://data.gov.my/data-catalogue/crops_district_area
crops_district_production,catalogue_dataset,Crop Production by District,Pengeluaran Tanaman mengikut Daerah,Economic Sectors,Agriculture,MAFS | DOA | DOSM,YEARLY,true,true,6,2017,2017,2023-12-31 12:00,2024-12-31 12:00,https://data.gov.my/data-catalogue/crops_district_production
crops_state,catalogue_dataset,Crop Area and Production by State,Keluasan dan Pengeluaran Tanaman mengikut Negeri,Economic Sectors,Agriculture,MAFS | DOA | DOSM,YEARLY,true,true,5,2017,2022,2023-12-31 12:00,2024-12-31 12:00,https://data.gov.my/data-catalogue/crops_state
currency_codes,catalogue_dataset,Currency Codes (ISO 4217),Kod Mata Wang (ISO 4217),Data Dictionaries,International,JDN,ONE-OFF,true,false,5,2025,2025,2025-10-24 11:32,-,https://data.gov.my/data-catalogue/currency_codes
currency_in_circulation,catalogue_dataset,Monthly Currency in Circulation,Mata Wang dalam Edaran Bulanan,Financial Markets,Money Supply,BNM,MONTHLY,true,false,3,2000,2026,2026-07-31 18:00,2027-08-31 18:00,https://data.gov.my/data-catalogue/currency_in_circulation
currency_in_circulation_annual,catalogue_dataset,Annual Currency in Circulation,Mata Wang dalam Edaran Tahunan,Financial Markets,Money Supply,BNM,MONTHLY,true,false,3,1975,2025,2026-01-31 15:00,2027-01-31 15:00,https://data.gov.my/data-catalogue/currency_in_circulation_annual
datasets,catalogue_dataset,List of Datasets on data.gov.my,Senarai Set Data di data.gov.my,Metadata,Site Content,JDN | KD,MONTHLY,true,false,14,2023,2026,2026-09-10 04:25,2026-09-11 00:10,https://data.gov.my/data-catalogue/datasets
deaths,catalogue_dataset,Annual Deaths,Kematian Tahunan,Demography,Deaths,JPN | DOSM,YEARLY,true,true,3,2000,2024,2025-10-16 12:00,2026-10-15 12:30,https://data.gov.my/data-catalogue/deaths
deaths_district_sex,catalogue_dataset,Annual Deaths by District & Sex,Kematian Tahunan mengikut Daerah & Jantina,Demography,Deaths,JPN | DOSM,YEARLY,true,true,6,2020,2024,2025-10-16 12:00,2026-10-15 12:30,https://data.gov.my/data-catalogue/deaths_district_sex
deaths_early_childhood,catalogue_dataset,Annual Early Childhood Deaths,Kematian Kanak-Kanak Tahunan,Demography,Deaths,JPN | DOSM,YEARLY,true,true,4,2000,2024,2025-10-16 12:00,2026-10-15 12:30,https://data.gov.my/data-catalogue/deaths_early_childhood
deaths_early_childhood_sex,catalogue_dataset,Annual Early Childhood Deaths by Sex,Kematian Kanak-Kanak Tahunan mengikut Jantina,Demography,Deaths,JPN | DOSM,YEARLY,true,true,5,2017,2024,2025-10-16 12:00,2026-10-15 12:30,https://data.gov.my/data-catalogue/deaths_early_childhood_sex
deaths_early_childhood_state,catalogue_dataset,Annual Early Childhood Deaths by State,Kematian Kanak-Kanak Tahunan mengikut Negeri,Demography,Deaths,JPN | DOSM,YEARLY,true,true,5,2000,2024,2025-10-16 12:00,2026-10-15 12:30,https://data.gov.my/data-catalogue/deaths_early_childhood_state
deaths_early_childhood_state_sex,catalogue_dataset,Annual Early Childhood Deaths by State & Sex,Kematian Kanak-Kanak Tahunan mengikut Negeri & Jantina,Demography,Deaths,JPN | DOSM,YEARLY,true,true,6,2017,2024,2025-10-16 12:00,2026-10-15 12:30,https://data.gov.my/data-catalogue/deaths_early_childhood_state_sex
deaths_maternal,catalogue_dataset,Annual Maternal Deaths,Kematian Ibu Bersalin Tahunan,Demography,Deaths,JPN | DOSM,YEARLY,true,true,3,1933,2024,2025-10-16 12:00,2026-10-15 12:30,https://data.gov.my/data-catalogue/deaths_maternal
deaths_maternal_state,catalogue_dataset,Annual Maternal Deaths by State,Kematian Ibu Bersalin Tahunan mengikut Negeri,Demography,Deaths,JPN | DOSM,YEARLY,true,true,4,2000,2024,2025-10-16 12:00,2026-10-15 12:30,https://data.gov.my/data-catalogue/deaths_maternal_state
deaths_sex_ethnic,catalogue_dataset,Annual Deaths by Sex & Ethnicity,Kematian Tahunan mengikut Jantina & Etnik,Demography,Deaths,JPN | DOSM,YEARLY,true,true,5,2000,2024,2025-10-16 12:00,2026-10-15 12:30,https://data.gov.my/data-catalogue/deaths_sex_ethnic
deaths_sex_ethnic_state,catalogue_dataset,"Annual Deaths by State, Sex, & Ethnicity","Kematian Tahunan mengikut Negeri, Jantina & Etnik",Demography,Deaths,JPN | DOSM,YEARLY,true,true,5,2000,2024,2025-10-16 12:00,2026-10-15 12:30,https://data.gov.my/data-catalogue/deaths_sex_ethnic_state
deaths_state,catalogue_dataset,Annual Deaths by State,Kematian Tahunan mengikut Negeri,Demography,Deaths,JPN | DOSM,YEARLY,true,true,4,2000,2024,2025-10-16 12:00,2026-10-15 12:30,https://data.gov.my/data-catalogue/deaths_state
domains,catalogue_dataset,Number of Registered .MY Domains,Bilangan Pendaftaran Domain .MY,Public Administration,Digital Infrastructure,MYNIC | KD,MONTHLY,true,false,4,2007,2025,2025-02-15 12:00,2025-03-15 12:00,https://data.gov.my/data-catalogue/domains
domains_dnssec,catalogue_dataset,Number of Registered .MY Domains with DNSSEC,Bilangan Pendaftaran Domain .MY dengan DNSSEC,Public Administration,Digital Infrastructure,MYNIC | KD,MONTHLY,true,false,4,2011,2025,2025-02-15 12:00,2025-03-15 12:00,https://data.gov.my/data-catalogue/domains_dnssec
domains_idn,catalogue_dataset,Number of Registered Internationalised .MY Domains,Bilangan Pendaftaran Domain .MY yang Berinternasionalisasi,Public Administration,Digital Infrastructure,MYNIC | KD,MONTHLY,true,false,4,2011,2024,2025-02-15 12:00,2025-03-15 12:00,https://data.gov.my/data-catalogue/domains_idn
domains_ipv6,catalogue_dataset,Number of Registered .MY Domains with IPv6 DNS,Bilangan Pendaftaran Domain .MY dengan DNS IPv6,Public Administration,Digital Infrastructure,MYNIC | KD,MONTHLY,true,false,4,2009,2024,2025-02-15 12:00,2025-03-15 12:00,https://data.gov.my/data-catalogue/domains_ipv6
drug_addicts_age,catalogue_dataset,Drug Addicts by State & Age Group,Penagih Dadah mengikut Negeri & Kumpulan Umur,Public Safety,Drug Addiction,AADK | KDN,YEARLY,true,false,4,2015,2023,2023-12-31,-,https://data.gov.my/data-catalogue/drug_addicts_age
drug_addicts_drugtype,catalogue_dataset,Drug Addicts by State & Drug Type,Penagih Dadah mengikut Negeri & Jenis Dadah,Public Safety,Drug Addiction,AADK | KDN,YEARLY,true,false,4,2015,2023,2023-12-31 09:22:58.510 +08:00,-,https://data.gov.my/data-catalogue/drug_addicts_drugtype
drug_addicts_education,catalogue_dataset,Drug Addicts by Highest Education Level,Penagih Dadah Mengikut Tahap Pendidikan Tertinggi,Public Safety,Drug Addiction,AADK | KDN,YEARLY,true,false,4,2015,2023,2024-01-01 00:00:00.000 +08:00,-,https://data.gov.my/data-catalogue/drug_addicts_education
drug_addicts_occupation,catalogue_dataset,Drug Addicts by State & Occupation,Penagih Dadah mengikut Negeri & Pekerjaan,Public Safety,Drug Addiction,AADK | KDN,YEARLY,true,false,4,2016,2023,2023-12-31,-,https://data.gov.my/data-catalogue/drug_addicts_occupation
drug_arrests_age,catalogue_dataset,Drug Arrests by Sex & Age,Tangkapan Dadah Mengikut Jantina & Umur,Public Safety,Drug Addiction,PDRM | KDN,YEARLY,true,false,5,2019,2023,2023-12-31,-,https://data.gov.my/data-catalogue/drug_arrests_age
drug_arrests_ethnicity,catalogue_dataset,Drug Arrests by Sex & Ethnicity,Tangkapan Jenayah Dadah Mengikut Jantina & Etnik,Public Safety,Drug Addiction,PDRM | KDN,YEARLY,true,false,5,2019,2023,2023-12-31,-,https://data.gov.my/data-catalogue/drug_arrests_ethnicity
economic_indicators,catalogue_dataset,Malaysian Economic Indicators,Indikator Ekonomi Malaysia,Statistical Indicators,Economic Indicators,DOSM,MONTHLY,true,true,6,1991,2023,2026-08-24 12:30,2026-09-25 12:30,https://data.gov.my/data-catalogue/economic_indicators
electricity_access,catalogue_dataset,Households with Access to Electricity,Isi Rumah dengan Akses ke Bekalan Elektrik,Environment,Energy,TNB | SESB | SWK-ENERGY | ST,YEARLY,true,false,3,2011,2021,2024-09-01 12:00,tbc,https://data.gov.my/data-catalogue/electricity_access
electricity_consumption,catalogue_dataset,Monthly Electricity Consumption,Penggunaan Elektrik Bulanan,Environment,Energy,TNB | SESB | SWK-ENERGY | ST | DOSM,MONTHLY,true,true,3,2018,2024,2024-09-01 12:00,2024-10-01 12:00,https://data.gov.my/data-catalogue/electricity_consumption
electricity_supply,catalogue_dataset,Electricity Supply,Bekalan Elektrik,Environment,Energy,TNB | SESB | SWK-ENERGY | ST | DOSM,MONTHLY,true,true,3,2018,2024,2024-09-01 12:00,2024-10-01 12:00,https://data.gov.my/data-catalogue/electricity_supply
employment_sector,catalogue_dataset,Employment by MSIC Sector and Sex,Pekerjaan Mengikut Sektor MSIC dan Jantina,Labour Markets,Labour Force Survey,DOSM,ANNUAL,true,true,4,2001,2022,2024-11-08 12:00,2025-01-01 12:00,https://data.gov.my/data-catalogue/employment_sector
enrolment_school_district,catalogue_dataset,Enrolment in Government Schools by District,Enrolmen di Sekolah Kerajaan mengikut Daerah,Education,Education Outcomes,MOE,YEARLY,true,true,6,2017,2025,2026-08-03 12:00,—,https://data.gov.my/data-catalogue/enrolment_school_district
epf_dividend,catalogue_dataset,Annual EPF Dividend,Dividen KWSP Tahunan,Public Welfare,Retirement,EPF,YEARLY,true,false,3,1952,2025,2026-02-28 18:00,2027-03-15 12:00,https://data.gov.my/data-catalogue/epf_dividend
exchangerates,catalogue_dataset,Monthly Exchange Rates,Kadar Pertukaran Wang Asing Bulanan,Financial Markets,Foreign Exchange,BNM,MONTHLY,true,false,3,1997,2026,2026-09-10 05:27,2026-10-01 02:30,https://data.gov.my/data-catalogue/exchangerates
exchangerates_daily_0900,catalogue_dataset,Daily Exchange Rates (0900),Kadar Pertukaran Wang Asing Harian (0900),Financial Markets,Foreign Exchange,BNM,DAILY,true,false,3,2003,2026,2026-09-10 09:30,2026-09-11 09:30,https://data.gov.my/data-catalogue/exchangerates_daily_0900
exchangerates_daily_1130,catalogue_dataset,Daily Exchange Rates (1130),Kadar Pertukaran Wang Asing Harian (1130),Financial Markets,Foreign Exchange,BNM,DAILY,true,false,3,2003,2026,2026-09-09 12:00,2026-09-10 12:00,https://data.gov.my/data-catalogue/exchangerates_daily_1130
exchangerates_daily_1200,catalogue_dataset,Daily Exchange Rates (1200),Kadar Pertukaran Wang Asing Harian (1200),Financial Markets,Foreign Exchange,BNM,DAILY,true,false,3,1997,2026,2026-09-09 12:30,2026-09-10 12:30,https://data.gov.my/data-catalogue/exchangerates_daily_1200
exchangerates_daily_1700,catalogue_dataset,Daily Exchange Rates (1700),Kadar Pertukaran Wang Asing Harian (1700),Financial Markets,Foreign Exchange,BNM,DAILY,true,false,3,2003,2026,2026-09-09 17:30,2026-09-10 17:30,https://data.gov.my/data-catalogue/exchangerates_daily_1700
fdi_flows,catalogue_dataset,Foreign Direct Investment (FDI) Flows,Aliran Pelaburan Langsung Asing (FDI),National Accounts,Balance of Payments,DOSM,QUARTERLY,true,true,4,2008,2025,2025-11-14 12:00,2026-02-13 12:00,https://data.gov.my/data-catalogue/fdi_flows
federal_budget_moe,catalogue_dataset,Annual Budget Allocation for the Ministry of Education,Peruntukan Belanjawan Tahunan bagi Kementerian Pendidikan,Public Administration,Public Finance,MOF,YEARLY,true,false,3,2015,2024,2024-09-01 12:00,—,https://data.gov.my/data-catalogue/federal_budget_moe
federal_budget_moh,catalogue_dataset,Annual Budget Allocation for the Ministry of Health,Peruntukan Belanjawan Tahunan bagi Kementerian Kesihatan,Public Administration,Public Finance,MOF,YEARLY,true,false,3,2015,2024,2024-09-01 12:00,—,https://data.gov.my/data-catalogue/federal_budget_moh
federal_finance_qtr,catalogue_dataset,Quarterly Federal Government Finance,Kewangan Suku Tahunan Kerajaan Persekutuan,Public Administration,Public Finance,JANM,QUARTERLY,true,false,4,1996,2023,2024-05-31 15:00,2024-08-30 15:00,https://data.gov.my/data-catalogue/federal_finance_qtr
federal_finance_qtr_de,catalogue_dataset,Quarterly Federal Government Development Expenditure by Function,Perbelanjaan Pembangunan Suku Tahunan Kerajaan Persekutuan mengikut Fungsi,Public Administration,Public Finance,JANM,QUARTERLY,true,false,4,1996,2023,2024-05-31 15:00,2024-08-30 15:00,https://data.gov.my/data-catalogue/federal_finance_qtr_de
federal_finance_qtr_oe,catalogue_dataset,Quarterly Federal Government Operating Expenditure by Object,Perbelanjaan Mengurus Suku Tahunan Kerajaan Persekutuan mengikut Objek,Public Administration,Public Finance,JANM,QUARTERLY,true,false,3,1999,2023,2024-05-31 15:00,2024-08-30 15:00,https://data.gov.my/data-catalogue/federal_finance_qtr_oe
federal_finance_qtr_revenue,catalogue_dataset,Quarterly Federal Government Revenue,Hasil Suku Tahunan Kerajaan Persekutuan,Public Administration,Public Finance,JANM,QUARTERLY,true,false,4,1996,2023,2024-05-31 15:00,2024-08-30 15:00,https://data.gov.my/data-catalogue/federal_finance_qtr_revenue
federal_finance_year,catalogue_dataset,Annual Federal Government Finance,Kewangan Tahunan Kerajaan Persekutuan,Public Administration,Public Finance,JANM,YEARLY,true,false,4,1970,2022,2024-05-31 15:00,2025-05-31 15:00,https://data.gov.my/data-catalogue/federal_finance_year
federal_finance_year_de,catalogue_dataset,Annual Federal Government Development Expenditure by Function,Perbelanjaan Pembangunan Tahunan Kerajaan Persekutuan mengikut Fungsi,Public Administration,Public Finance,JANM,QUARTERLY,true,false,4,1970,2022,2024-05-31 15:00,2025-05-31 15:00,https://data.gov.my/data-catalogue/federal_finance_year_de
federal_finance_year_oe,catalogue_dataset,Annual Federal Government Operating Expenditure by Object,Perbelanjaan Mengurus Tahunan Kerajaan Persekutuan mengikut Objek,Public Administration,Public Finance,JANM,YEARLY,true,false,3,1979,2022,2024-05-31 15:00,2025-05-31 15:00,https://data.gov.my/data-catalogue/federal_finance_year_oe
federal_finance_year_revenue,catalogue_dataset,Annual Federal Government Revenue,Hasil Tahunan Kerajaan Persekutuan,Public Administration,Public Finance,JANM,YEARLY,true,false,4,1970,2022,2024-05-31 15:00,2025-05-31 15:00,https://data.gov.my/data-catalogue/federal_finance_year_revenue
fertility,catalogue_dataset,TFR and ASFR,TFR dan ASFR,Demography,Fertility,DOSM,YEARLY,true,true,3,1958,2024,2025-10-16 12:00,2026-10-15 12:30,https://data.gov.my/data-catalogue/fertility
fertility_state,catalogue_dataset,TFR and ASFR by State,TFR dan ASFR mengikut Negeri,Demography,Fertility,DOSM,YEARLY,true,true,4,2001,2024,2025-10-16 12:00,2026-10-15 12:30,https://data.gov.my/data-catalogue/fertility_state
fish_landings,catalogue_dataset,Monthly Landings of Marine Fish by State,Pendaratan Ikan Laut Bulanan mengikut Negeri,Economic Sectors,Agriculture,Perikanan,MONTHLY,true,true,4,2018,2023,2024-09-01 12:00,tbc,https://data.gov.my/data-catalogue/fish_landings
forest_reserve,catalogue_dataset,Area of Permanent Forest Reserves,Keluasan Hutan Simpan Kekal,Environment,Land Use,Perhutanan | DOSM,YEARLY,true,true,2,2003,2021,2024-08-13 12:00,n/a,https://data.gov.my/data-catalogue/forest_reserve
forest_reserve_state,catalogue_dataset,Area of Permanent Forest Reserves by State,Keluasan Hutan Simpan Kekal mengikut Negeri,Environment,Land Use,Perhutanan | DOSM,YEARLY,true,true,3,2003,2021,2024-08-13 12:00,n/a,https://data.gov.my/data-catalogue/forest_reserve_state
fuelprice,catalogue_dataset,Price of Petroleum & Diesel,Harga Petrol & Diesel,Prices,Commodity Prices,MOF,WEEKLY,true,true,8,2017,2025,2026-09-09 23:59,2026-09-16 23:59,https://data.gov.my/data-catalogue/fuelprice
gdp_annual_nominal_demand,catalogue_dataset,Annual Nominal GDP by Expenditure Type,KDNK Nominal Tahunan mengikut Jenis Perbelanjaan,National Accounts,Gross Domestic Product,DOSM,YEARLY,true,true,4,2015,2025,2026-05-15 12:00,2027-05-31 12:30,https://data.gov.my/data-catalogue/gdp_annual_nominal_demand
gdp_annual_nominal_demand_granular,catalogue_dataset,Annual Nominal GDP by Expenditure Subtype,KDNK Nominal Tahunan mengikut Subjenis Perbelanjaan,National Accounts,Gross Domestic Product,DOSM,YEARLY,false,false,4,2015,2025,2026-05-15 12:00,2027-05-31 12:30,https://data.gov.my/data-catalogue/gdp_annual_nominal_demand_granular
gdp_annual_nominal_income,catalogue_dataset,Annual Nominal GDP by Income Component,KDNK Nominal Tahunan mengikut Komponen Pendapatan,National Accounts,Gross Domestic Product,DOSM,YEARLY,true,true,4,2010,2025,2026-07-29 12:30,2027-07-31 12:30,https://data.gov.my/data-catalogue/gdp_annual_nominal_income
gdp_annual_nominal_supply,catalogue_dataset,Annual Nominal GDP by Economic Sector,KDNK Nominal Tahunan mengikut Sektor Ekonomi,National Accounts,Gross Domestic Product,DOSM,YEARLY,true,true,4,2015,2025,2026-05-15 12:00,2027-05-31 12:30,https://data.gov.my/data-catalogue/gdp_annual_nominal_supply
gdp_annual_nominal_supply_granular,catalogue_dataset,Annual Nominal GDP by Economic Subsector,KDNK Nominal Tahunan mengikut Subsektor Ekonomi,National Accounts,Gross Domestic Product,DOSM,YEARLY,false,false,4,2015,2025,2026-05-15 12:00,2027-05-31 12:30,https://data.gov.my/data-catalogue/gdp_annual_nominal_supply_granular
gdp_annual_real_demand,catalogue_dataset,Annual Real GDP by Expenditure Type,KDNK Sebenar Tahunan mengikut Jenis Perbelanjaan,National Accounts,Gross Domestic Product,DOSM,YEARLY,true,true,4,2015,2025,2026-05-15 12:00,2027-05-31 12:30,https://data.gov.my/data-catalogue/gdp_annual_real_demand
gdp_annual_real_demand_granular,catalogue_dataset,Annual Real GDP by Expenditure Subtype,KDNK Sebenar Tahunan mengikut Subjenis Perbelanjaan,National Accounts,Gross Domestic Product,DOSM,YEARLY,false,false,4,2015,2025,2026-05-15 12:00,2027-05-31 12:30,https://data.gov.my/data-catalogue/gdp_annual_real_demand_granular
gdp_annual_real_supply,catalogue_dataset,Annual Real GDP by Economic Sector,KDNK Sebenar Tahunan mengikut Sektor Ekonomi,National Accounts,Gross Domestic Product,DOSM,YEARLY,true,true,4,2015,2025,2026-05-15 12:00,2027-05-31 12:30,https://data.gov.my/data-catalogue/gdp_annual_real_supply
gdp_annual_real_supply_granular,catalogue_dataset,Annual Real GDP by Economic Subsector,KDNK Sebenar Tahunan mengikut Subsektor Ekonomi,National Accounts,Gross Domestic Product,DOSM,YEARLY,false,false,4,2015,2025,2026-05-15 12:00,2027-05-31 12:30,https://data.gov.my/data-catalogue/gdp_annual_real_supply_granular
gdp_district_real_supply,catalogue_dataset,Annual Real GDP by District & Economic Sector,KDNK Sebenar Tahunan mengikut Daerah & Sektor Ekonomi,National Accounts,Gross Domestic Product,DOSM,YEARLY,true,true,6,2015,2020,2024-11-02 12:00,2025-11-02 12:00,https://data.gov.my/data-catalogue/gdp_district_real_supply
gdp_gni_annual_nominal,catalogue_dataset,Annual Nominal GDP & GNI: 1947 to Present,KDNK & PNK Sebenar Tahunan: 1947 sehingga Kini,National Accounts,Gross Domestic Product,DOSM,YEARLY,true,true,6,1947,2025,2026-02-13 12:00,2027-02-12 12:00,https://data.gov.my/data-catalogue/gdp_gni_annual_nominal
gdp_gni_annual_real,catalogue_dataset,Annual Real GDP & GNI: 1970 to Present,KDNK & PNK Sebenar Tahunan: 1970 sehingga Kini,National Accounts,Gross Domestic Product,DOSM,YEARLY,true,true,6,1970,2025,2026-02-13 12:00,2027-02-12 12:00,https://data.gov.my/data-catalogue/gdp_gni_annual_real
gdp_lookup,catalogue_dataset,Lookup Table: GDP,Jadual Carian: KDNK,National Accounts,Gross Domestic Product,DOSM,INFREQUENT,true,true,4,2024,2024,2024-05-17 12:00,—,https://data.gov.my/data-catalogue/gdp_lookup
gdp_qtr_nominal,catalogue_dataset,Quarterly Nominal GDP,KDNK Nominal Suku Tahunan,National Accounts,Gross Domestic Product,DOSM,QUARTERLY,true,true,3,2015,2026,2026-08-14 12:00,2026-11-18 12:00,https://data.gov.my/data-catalogue/gdp_qtr_nominal
gdp_qtr_nominal_demand,catalogue_dataset,Quarterly Nominal GDP by Expenditure Type,KDNK Nominal Suku Tahunan mengikut Jenis Perbelanjaan,National Accounts,Gross Domestic Product,DOSM,QUARTERLY,true,true,4,2015,2026,2026-08-14 12:00,2026-11-18 12:00,https://data.gov.my/data-catalogue/gdp_qtr_nominal_demand
gdp_qtr_nominal_demand_granular,catalogue_dataset,Quarterly Nominal GDP by Expenditure Subtype,KDNK Nominal Suku Tahunan mengikut Subjenis Perbelanjaan,National Accounts,Gross Domestic Product,DOSM,QUARTERLY,false,false,4,2015,2026,2026-08-14 12:00,2026-11-18 12:00,https://data.gov.my/data-catalogue/gdp_qtr_nominal_demand_granular
gdp_qtr_nominal_supply,catalogue_dataset,Quarterly Nominal GDP by Economic Sector,KDNK Nominal Suku Tahunan mengikut Sektor Ekonomi,National Accounts,Gross Domestic Product,DOSM,QUARTERLY,true,true,4,2015,2026,2026-08-14 12:00,2026-11-18 12:00,https://data.gov.my/data-catalogue/gdp_qtr_nominal_supply
gdp_qtr_nominal_supply_granular,catalogue_dataset,Quarterly Nominal GDP by Economic Subsector,KDNK Nominal Suku Tahunan mengikut Subsektor Ekonomi,National Accounts,Gross Domestic Product,DOSM,QUARTERLY,false,false,4,2015,2026,2026-08-14 12:00,2026-11-18 12:00,https://data.gov.my/data-catalogue/gdp_qtr_nominal_supply_granular
gdp_qtr_real,catalogue_dataset,Quarterly Real GDP,KDNK Sebenar Suku Tahunan,National Accounts,Gross Domestic Product,DOSM,QUARTERLY,true,true,3,2015,2026,2026-08-14 12:00,2026-11-18 12:00,https://data.gov.my/data-catalogue/gdp_qtr_real
gdp_qtr_real_demand,catalogue_dataset,Quarterly Real GDP by Expenditure Type,KDNK Sebenar Suku Tahunan mengikut Jenis Perbelanjaan,National Accounts,Gross Domestic Product,DOSM,QUARTERLY,true,true,4,2015,2026,2026-08-14 12:00,2026-11-18 12:00,https://data.gov.my/data-catalogue/gdp_qtr_real_demand
gdp_qtr_real_demand_granular,catalogue_dataset,Quarterly Real GDP by Expenditure Subtype,KDNK Sebenar Suku Tahunan mengikut Subjenis Perbelanjaan,National Accounts,Gross Domestic Product,DOSM,QUARTERLY,false,false,4,2015,2026,2026-08-14 12:00,2026-11-18 12:00,https://data.gov.my/data-catalogue/gdp_qtr_real_demand_granular
gdp_qtr_real_sa,catalogue_dataset,Quarterly Real GDP (Seasonally Adjusted),KDNK Sebenar Suku Tahunan (Terlaras secara Musim),National Accounts,Gross Domestic Product,DOSM,QUARTERLY,true,true,3,2015,2026,2026-08-14 12:00,2026-11-18 12:00,https://data.gov.my/data-catalogue/gdp_qtr_real_sa
gdp_qtr_real_sa_demand,catalogue_dataset,Quarterly Real GDP (Seasonally Adjusted) by Expenditure Type,KDNK Sebenar Suku Tahunan (Terlaras secara Musim) mengikut Jenis Perbelanjaan,National Accounts,Gross Domestic Product,DOSM,QUARTERLY,true,true,4,2015,2026,2026-08-14 12:00,2026-11-18 12:00,https://data.gov.my/data-catalogue/gdp_qtr_real_sa_demand
gdp_qtr_real_sa_supply,catalogue_dataset,Quarterly Real GDP (Seasonally Adjusted) by Economic Sector,KDNK Sebenar Suku Tahunan (Terlaras secara Musim) mengikut Sektor Ekonomi,National Accounts,Gross Domestic Product,DOSM,QUARTERLY,true,true,4,2015,2026,2026-08-14 12:00,2026-11-18 12:00,https://data.gov.my/data-catalogue/gdp_qtr_real_sa_supply
gdp_qtr_real_supply,catalogue_dataset,Quarterly Real GDP by Economic Sector,KDNK Sebenar Suku Tahunan mengikut Sektor Ekonomi,National Accounts,Gross Domestic Product,DOSM,QUARTERLY,true,true,4,2015,2026,2026-08-14 12:00,2026-11-18 12:00,https://data.gov.my/data-catalogue/gdp_qtr_real_supply
gdp_qtr_real_supply_granular,catalogue_dataset,Quarterly Real GDP by Economic Subsector,KDNK Sebenar Suku Tahunan mengikut Subsektor Ekonomi,National Accounts,Gross Domestic Product,DOSM,QUARTERLY,false,false,4,2015,2026,2026-08-14 12:00,2026-11-18 12:00,https://data.gov.my/data-catalogue/gdp_qtr_real_supply_granular
gdp_state_real_supply,catalogue_dataset,Annual Real GDP by State & Economic Sector,KDNK Sebenar Tahunan mengikut Negeri & Sektor Ekonomi,National Accounts,Gross Domestic Product,DOSM,YEARLY,true,true,5,2015,2025,2026-07-01 12:30,2027-07-01 12:30,https://data.gov.my/data-catalogue/gdp_state_real_supply
ghg_emissions,catalogue_dataset,Greenhouse Gas Emissions,Pelepasan Gas Rumah Hijau,Environment,Pollution,NRES | DOSM,YEARLY,true,true,3,2014,2021,2024-09-01,-,https://data.gov.my/data-catalogue/ghg_emissions
government_apps,catalogue_dataset,Transactional Data: Official Government Mobile Applications,Data Transaksi: Aplikasi Mudah Alih Rasmi Kerajaan,Public Administration,Digital Services,JDN | KD,MONTHLY,true,false,7,2015,2026,2026-04-22 02:00,2026-04-23 02:00,https://data.gov.my/data-catalogue/government_apps
government_apps_active,catalogue_dataset,Number of Active Government Mobile Applications,Jumlah Aplikasi Mudah Alih Rasmi Kerajaan yang Aktif,Public Administration,Digital Services,JDN | KD,MONTHLY,true,false,4,2015,2026,2026-04-22 02:00,2026-04-23 02:00,https://data.gov.my/data-catalogue/government_apps_active
government_apps_downloads,catalogue_dataset,Downloads of Government Mobile Applications,Muat Turun bagi Aplikasi Mudah Alih Kerajaan,Public Administration,Digital Services,JDN | KD,MONTHLY,true,false,6,2015,2026,2026-04-22 02:00,2026-04-23 02:00,https://data.gov.my/data-catalogue/government_apps_downloads
government_apps_reviews,catalogue_dataset,Transactional Data: User Reviews of Government Mobile Applications,Data Transaksi: Ulasan Pengguna bagi Aplikasi Mudah Alih Kerajaan,Public Administration,Digital Services,JDN | KD,MONTHLY,true,false,6,2015,2026,2026-04-22 02:00,2026-04-23 02:00,https://data.gov.my/data-catalogue/government_apps_reviews
gtfs_realtime_vehicle_position_ktmb,realtime_api_resource,GTFS Realtime Vehicle Position: KTMB,,,,KTMB,EVERY_30_SECONDS,true,false,0,,,,,https://developer.data.gov.my/realtime-api/gtfs-realtime
gtfs_realtime_vehicle_position_mybas_alor_setar,realtime_api_resource,GTFS Realtime Vehicle Position: BAS.MY Alor Setar,,,,BAS.MY Alor Setar,EVERY_30_SECONDS,true,false,0,,,,,https://developer.data.gov.my/realtime-api/gtfs-realtime
gtfs_realtime_vehicle_position_mybas_ipoh,realtime_api_resource,GTFS Realtime Vehicle Position: BAS.MY Ipoh,,,,BAS.MY Ipoh,EVERY_30_SECONDS,true,false,0,,,,,https://developer.data.gov.my/realtime-api/gtfs-realtime
gtfs_realtime_vehicle_position_mybas_johor,realtime_api_resource,GTFS Realtime Vehicle Position: BAS.MY Johor Bahru,,,,BAS.MY Johor Bahru,EVERY_30_SECONDS,true,false,0,,,,,https://developer.data.gov.my/realtime-api/gtfs-realtime
gtfs_realtime_vehicle_position_mybas_kangar,realtime_api_resource,GTFS Realtime Vehicle Position: BAS.MY Kangar,,,,BAS.MY Kangar,EVERY_30_SECONDS,true,false,0,,,,,https://developer.data.gov.my/realtime-api/gtfs-realtime
gtfs_realtime_vehicle_position_mybas_kota_bharu,realtime_api_resource,GTFS Realtime Vehicle Position: BAS.MY Kota Bharu,,,,BAS.MY Kota Bharu,EVERY_30_SECONDS,true,false,0,,,,,https://developer.data.gov.my/realtime-api/gtfs-realtime
gtfs_realtime_vehicle_position_mybas_kuala_terengganu,realtime_api_resource,GTFS Realtime Vehicle Position: BAS.MY Kuala Terengganu,,,,BAS.MY Kuala Terengganu,EVERY_30_SECONDS,true,false,0,,,,,https://developer.data.gov.my/realtime-api/gtfs-realtime
gtfs_realtime_vehicle_position_mybas_kuching,realtime_api_resource,GTFS Realtime Vehicle Position: BAS.MY Kuching,,,,BAS.MY Kuching,EVERY_30_SECONDS,true,false,0,,,,,https://developer.data.gov.my/realtime-api/gtfs-realtime
gtfs_realtime_vehicle_position_mybas_melaka,realtime_api_resource,GTFS Realtime Vehicle Position: BAS.MY Melaka,,,,BAS.MY Melaka,EVERY_30_SECONDS,true,false,0,,,,,https://developer.data.gov.my/realtime-api/gtfs-realtime
gtfs_realtime_vehicle_position_mybas_seremban_a,realtime_api_resource,GTFS Realtime Vehicle Position: BAS.MY Seremban operator A,,,,BAS.MY Seremban operator A,EVERY_30_SECONDS,true,false,0,,,,,https://developer.data.gov.my/realtime-api/gtfs-realtime
gtfs_realtime_vehicle_position_mybas_seremban_b,realtime_api_resource,GTFS Realtime Vehicle Position: BAS.MY Seremban operator B,,,,BAS.MY Seremban operator B,EVERY_30_SECONDS,true,false,0,,,,,https://developer.data.gov.my/realtime-api/gtfs-realtime
gtfs_realtime_vehicle_position_prasarana_rapid_bus_kl,realtime_api_resource,GTFS Realtime Vehicle Position: Prasarana (rapid-bus-kl),,,,Prasarana,EVERY_30_SECONDS,true,false,0,,,,,https://developer.data.gov.my/realtime-api/gtfs-realtime
gtfs_realtime_vehicle_position_prasarana_rapid_bus_kuantan,realtime_api_resource,GTFS Realtime Vehicle Position: Prasarana (rapid-bus-kuantan),,,,Prasarana,EVERY_30_SECONDS,true,false,0,,,,,https://developer.data.gov.my/realtime-api/gtfs-realtime
gtfs_realtime_vehicle_position_prasarana_rapid_bus_mrtfeeder,realtime_api_resource,GTFS Realtime Vehicle Position: Prasarana (rapid-bus-mrtfeeder),,,,Prasarana,EVERY_30_SECONDS,true,false,0,,,,,https://developer.data.gov.my/realtime-api/gtfs-realtime
gtfs_realtime_vehicle_position_prasarana_rapid_bus_penang,realtime_api_resource,GTFS Realtime Vehicle Position: Prasarana (rapid-bus-penang),,,,Prasarana,EVERY_30_SECONDS,true,false,0,,,,,https://developer.data.gov.my/realtime-api/gtfs-realtime
gtfs_static_ktmb,realtime_api_resource,GTFS Static: KTMB,,,,KTMB,DAILY at 00:01,true,false,0,,,,,https://developer.data.gov.my/realtime-api/gtfs-static
gtfs_static_mybas_alor_setar,realtime_api_resource,GTFS Static: BAS.MY Alor Setar,,,,BAS.MY Alor Setar,AS_REQUIRED,true,false,0,,,,,https://developer.data.gov.my/realtime-api/gtfs-static
gtfs_static_mybas_ipoh,realtime_api_resource,GTFS Static: BAS.MY Ipoh,,,,BAS.MY Ipoh,AS_REQUIRED,true,false,0,,,,,https://developer.data.gov.my/realtime-api/gtfs-static
gtfs_static_mybas_johor,realtime_api_resource,GTFS Static: BAS.MY Johor Bahru,,,,BAS.MY Johor Bahru,AS_REQUIRED,true,false,0,,,,,https://developer.data.gov.my/realtime-api/gtfs-static
gtfs_static_mybas_kangar,realtime_api_resource,GTFS Static: BAS.MY Kangar,,,,BAS.MY Kangar,AS_REQUIRED,true,false,0,,,,,https://developer.data.gov.my/realtime-api/gtfs-static
gtfs_static_mybas_kota_bharu,realtime_api_resource,GTFS Static: BAS.MY Kota Bharu,,,,BAS.MY Kota Bharu,AS_REQUIRED,true,false,0,,,,,https://developer.data.gov.my/realtime-api/gtfs-static
gtfs_static_mybas_kuala_terengganu,realtime_api_resource,GTFS Static: BAS.MY Kuala Terengganu,,,,BAS.MY Kuala Terengganu,AS_REQUIRED,true,false,0,,,,,https://developer.data.gov.my/realtime-api/gtfs-static
gtfs_static_mybas_kuching,realtime_api_resource,GTFS Static: BAS.MY Kuching,,,,BAS.MY Kuching,AS_REQUIRED,true,false,0,,,,,https://developer.data.gov.my/realtime-api/gtfs-static
gtfs_static_mybas_melaka,realtime_api_resource,GTFS Static: BAS.MY Melaka,,,,BAS.MY Melaka,AS_REQUIRED,true,false,0,,,,,https://developer.data.gov.my/realtime-api/gtfs-static
gtfs_static_mybas_seremban_a,realtime_api_resource,GTFS Static: BAS.MY Seremban operator A,,,,BAS.MY Seremban operator A,AS_REQUIRED,true,false,0,,,,,https://developer.data.gov.my/realtime-api/gtfs-static
gtfs_static_mybas_seremban_b,realtime_api_resource,GTFS Static: BAS.MY Seremban operator B,,,,BAS.MY Seremban operator B,AS_REQUIRED,true,false,0,,,,,https://developer.data.gov.my/realtime-api/gtfs-static
gtfs_static_prasarana_rapid_bus_kl,realtime_api_resource,GTFS Static: Prasarana (rapid-bus-kl),,,,Prasarana,AS_REQUIRED,true,false,0,,,,,https://developer.data.gov.my/realtime-api/gtfs-static
gtfs_static_prasarana_rapid_bus_kuantan,realtime_api_resource,GTFS Static: Prasarana (rapid-bus-kuantan),,,,Prasarana,AS_REQUIRED,true,false,0,,,,,https://developer.data.gov.my/realtime-api/gtfs-static
gtfs_static_prasarana_rapid_bus_mrtfeeder,realtime_api_resource,GTFS Static: Prasarana (rapid-bus-mrtfeeder),,,,Prasarana,AS_REQUIRED,true,false,0,,,,,https://developer.data.gov.my/realtime-api/gtfs-static
gtfs_static_prasarana_rapid_bus_penang,realtime_api_resource,GTFS Static: Prasarana (rapid-bus-penang),,,,Prasarana,AS_REQUIRED,true,false,0,,,,,https://developer.data.gov.my/realtime-api/gtfs-static
gtfs_static_prasarana_rapid_rail_kl,realtime_api_resource,GTFS Static: Prasarana (rapid-rail-kl),,,,Prasarana,AS_REQUIRED,true,false,0,,,,,https://developer.data.gov.my/realtime-api/gtfs-static
healthcare_staff,catalogue_dataset,Healthcare Staff by State and Staff Type,Kakitangan Kesihatan mengikut Negeri dan Jenis Kakitangan,Healthcare,Healthcare Infrastructure,MOH,YEARLY,true,false,4,2014,2022,2024-09-01 12:00,tbc,https://data.gov.my/data-catalogue/healthcare_staff
hh_access_amenities,catalogue_dataset,Access to Basic Amenities by State & District,Akses kepada Kemudahan Asas mengikut Negeri & Daerah,Households,Basic Amenities,DOSM,YEARLY,true,true,6,2016,2024,2026-08-03 12:00,—,https://data.gov.my/data-catalogue/hh_access_amenities
hh_expenditure_dun,catalogue_dataset,Household Expenditure by DUN,Perbelajaan Isi Rumah mengikut DUN,Households,Expenditure,DOSM,YEARLY,true,true,5,2019,2024,2025-12-31 12:00,—,https://data.gov.my/data-catalogue/hh_expenditure_dun
hh_expenditure_parlimen,catalogue_dataset,Household Expenditure by Parliament,Perbelajaan Isi Rumah mengikut Parlimen,Households,Expenditure,DOSM,YEARLY,true,true,4,2019,2024,2025-12-31 12:00,—,https://data.gov.my/data-catalogue/hh_expenditure_parlimen
hh_income,catalogue_dataset,Household Income,Pendapatan Isi Rumah,Households,Income,DOSM,YEARLY,true,true,3,1970,2024,2025-12-31 12:00,—,https://data.gov.my/data-catalogue/hh_income
hh_income_district,catalogue_dataset,Household Income by Administrative District,Pendapatan Isi Rumah Mengikut Daerah Pentadbiran,Households,Income,DOSM,YEARLY,true,true,5,2019,2024,2025-12-31 12:00,—,https://data.gov.my/data-catalogue/hh_income_district
hh_income_dun,catalogue_dataset,Household Income by DUN,Pendapatan Isi Rumah mengikut DUN,Households,Income,DOSM,YEARLY,true,true,6,2019,2024,2025-12-31 12:00,—,https://data.gov.my/data-catalogue/hh_income_dun
hh_income_parlimen,catalogue_dataset,Household Income by Parliament,Pendapatan Isi Rumah mengikut Parlimen,Households,Income,DOSM,YEARLY,true,true,5,2019,2024,2025-12-31 12:00,—,https://data.gov.my/data-catalogue/hh_income_parlimen
hh_income_state,catalogue_dataset,Household Income by State,Pendapatan Isi Rumah Mengikut Negeri,Households,Income,DOSM,YEARLY,true,true,4,1970,2024,2025-12-31 12:00,—,https://data.gov.my/data-catalogue/hh_income_state
hh_inequality,catalogue_dataset,Income Inequality,Ketidaksamarataan Pendapatan,Households,Inequality,DOSM,YEARLY,true,true,2,1970,2024,2025-12-31 12:00,—,https://data.gov.my/data-catalogue/hh_inequality
hh_inequality_district,catalogue_dataset,Income Inequality by District,Ketidaksamarataan Pendapatan mengikut Daerah,Households,Inequality,DOSM,YEARLY,true,true,4,2019,2024,2025-12-31 12:00,—,https://data.gov.my/data-catalogue/hh_inequality_district
hh_inequality_dun,catalogue_dataset,Income Inequality by DUN,Ketidaksamarataan Pendapatan mengikut DUN,Households,Inequality,DOSM,YEARLY,true,true,5,2019,2024,2025-12-31 12:00,—,https://data.gov.my/data-catalogue/hh_inequality_dun
hh_inequality_parlimen,catalogue_dataset,Income Inequality by Parliament,Ketidaksamarataan Pendapatan mengikut Parlimen,Households,Inequality,DOSM,YEARLY,true,true,4,2019,2024,2025-12-31 12:00,—,https://data.gov.my/data-catalogue/hh_inequality_parlimen
hh_inequality_state,catalogue_dataset,Income Inequality by State,Ketidaksamarataan Pendapatan mengikut Negeri,Households,Inequality,DOSM,YEARLY,true,true,3,1974,2024,2025-12-31 12:00,—,https://data.gov.my/data-catalogue/hh_inequality_state
hh_poverty,catalogue_dataset,Poverty,Kemiskinan,Households,Poverty,DOSM,YEARLY,true,true,4,1970,2024,2025-12-31 12:00,—,https://data.gov.my/data-catalogue/hh_poverty
hh_poverty_district,catalogue_dataset,Poverty by Administrative District,Kemiskinan mengikut Daerah Pentadbiran,Households,Poverty,DOSM,YEARLY,true,true,5,2019,2024,2025-12-31 12:00,—,https://data.gov.my/data-catalogue/hh_poverty_district
hh_poverty_dun,catalogue_dataset,Poverty by DUN,Kemiskinan mengikut DUN,Households,Poverty,DOSM,YEARLY,true,true,5,2019,2024,2025-12-31 12:00,—,https://data.gov.my/data-catalogue/hh_poverty_dun
hh_poverty_parlimen,catalogue_dataset,Poverty by Parliament,Kemiskinan mengikut Parlimen,Households,Poverty,DOSM,YEARLY,true,true,4,2019,2024,2025-12-31 12:00,—,https://data.gov.my/data-catalogue/hh_poverty_parlimen
hh_poverty_state,catalogue_dataset,Poverty by State,Kemiskinan Mengikut Negeri,Households,Poverty,DOSM,YEARLY,true,true,5,1970,2024,2025-12-31 12:00,—,https://data.gov.my/data-catalogue/hh_poverty_state
hh_profile,catalogue_dataset,Number of Households and Living Quarters,Bilangan Isi Rumah dan Tempat Kediaman,Households,Profile,DOSM,YEARLY,true,true,3,1970,2024,2024-07-31 12:00,2025-07-31 12:00,https://data.gov.my/data-catalogue/hh_profile
hh_profile_state,catalogue_dataset,Number of Households and Living Quarters by State,Bilangan Isi Rumah dan Tempat Kediaman mengikut Negeri,Households,Profile,DOSM,YEARLY,true,true,4,1970,2024,2024-07-31 12:00,2025-07-31 12:00,https://data.gov.my/data-catalogue/hh_profile_state
hies_district,catalogue_dataset,Household Income and Expenditure: Administrative Districts,Pendapatan dan Perbelanjaan Isi Rumah: Daerah Pentadbiran,Households,Expenditure,DOSM,YEARLY,true,true,8,2022,2024,2025-12-31 12:00,—,https://data.gov.my/data-catalogue/hies_district
hies_malaysia_percentile,catalogue_dataset,Household Income by Percentile,Pendapatan Isi Rumah mengikut Persentil,Households,Income,DOSM,YEARLY,true,true,4,2019,2024,2025-10-08 12:00,TBC,https://data.gov.my/data-catalogue/hies_malaysia_percentile
hies_state,catalogue_dataset,Household Income and Expenditure: States,Pendapatan dan Perbelanjaan Isi Rumah: Negeri,Households,Expenditure,DOSM,YEARLY,true,true,7,2022,2024,2025-12-31 12:00,—,https://data.gov.my/data-catalogue/hies_state
hies_state_percentile,catalogue_dataset,Household Income by State & Percentile,Pendapatan Isi Rumah mengikut Negeri & Persentil,Households,Income,DOSM,YEARLY,true,true,5,2019,2024,2025-10-08 12:00,TBC,https://data.gov.my/data-catalogue/hies_state_percentile
hospital_beds,catalogue_dataset,Hospital Beds by State and Hospital Type,Katil Hospital mengikut Negeri dan Jenis Hospital,Healthcare,Healthcare Infrastructure,MOH,YEARLY,true,false,5,2015,2022,2024-09-01 12:00,tbc,https://data.gov.my/data-catalogue/hospital_beds
infant_immunisation,catalogue_dataset,Infant Immunisation Coverage,Liputan Imunisasi Bayi,Healthcare,Healthcare Programs,MOH,ANNUAL,true,false,3,2000,2023,2024-11-20 12:00,2025-11-30 12:00,https://data.gov.my/data-catalogue/infant_immunisation
interestrates,catalogue_dataset,Monthly Interest Rates,Kadar Faedah Bulanan,Financial Markets,Banking System,BNM,MONTHLY,true,false,4,1997,2026,2026-07-31 18:00,2027-08-31 18:00,https://data.gov.my/data-catalogue/interestrates
interestrates_annual,catalogue_dataset,Annual Interest Rates,Kadar Faedah Tahunan,Financial Markets,Banking System,BNM,YEARLY,true,false,4,1980,2025,2026-01-31 15:00,2027-01-31 15:00,https://data.gov.my/data-catalogue/interestrates_annual
iowrt,catalogue_dataset,Headline Wholesale & Retail Trade,Perdagangan Borong & Runcit Keseluruhan,Economic Sectors,Services,DOSM,MONTHLY,true,true,5,2018,2024,2026-08-12 12:30,2026-09-11 12:30,https://data.gov.my/data-catalogue/iowrt
iowrt_2d,catalogue_dataset,Wholesale & Retail Trade by Division (2 digit),Perdagangan Borong & Runcit mengikut Bahagian (2 digit),Economic Sectors,Services,DOSM,MONTHLY,true,true,6,2018,2024,2026-08-12 12:30,2026-09-11 12:30,https://data.gov.my/data-catalogue/iowrt_2d
iowrt_3d,catalogue_dataset,Wholesale & Retail Trade by Group (3 digit),Perdagangan Borong & Runcit mengikut Kumpulan (3 digit),Economic Sectors,Services,DOSM,MONTHLY,false,false,5,2018,2024,2026-08-12 12:30,2026-09-11 12:30,https://data.gov.my/data-catalogue/iowrt_3d
ipi,catalogue_dataset,Industrial Production Index (IPI),Indeks Pengeluaran Industri (IPP),Economic Sectors,Manufacturing,DOSM,MONTHLY,true,true,4,2015,2024,2026-08-11 12:30,2026-09-09 12:30,https://data.gov.my/data-catalogue/ipi
ipi_1d,catalogue_dataset,IPI by Section (1 digit),IPP mengikut Seksyen (1 digit),Economic Sectors,Manufacturing,DOSM,MONTHLY,true,true,5,2015,2024,2026-08-11 12:30,2026-09-09 12:30,https://data.gov.my/data-catalogue/ipi_1d
ipi_2d,catalogue_dataset,IPI by Division (2 digit),IPP mengikut Bahagian (2 digit),Economic Sectors,Manufacturing,DOSM,MONTHLY,false,false,4,2015,2024,2026-08-11 12:30,2026-09-09 12:30,https://data.gov.my/data-catalogue/ipi_2d
ipi_3d,catalogue_dataset,IPI by Group (3 digit),IPP mengikut Kumpulan (3 digit),Economic Sectors,Manufacturing,DOSM,MONTHLY,false,false,4,2015,2024,2026-08-11 12:30,2026-09-09 12:30,https://data.gov.my/data-catalogue/ipi_3d
ipi_5d,catalogue_dataset,IPI by Item (5 digit),IPP mengikut Item (5 digit),Economic Sectors,Manufacturing,DOSM,MONTHLY,false,false,4,2015,2024,2026-08-11 12:30,2026-09-09 12:30,https://data.gov.my/data-catalogue/ipi_5d
ipi_domestic,catalogue_dataset,IPI for Domestic-Oriented Divisions (2 digit),IPP bagi Bahagian Berorientasikan Domestik (2 digit),Economic Sectors,Manufacturing,DOSM,MONTHLY,false,false,4,2015,2024,2026-08-11 12:30,2026-09-09 12:30,https://data.gov.my/data-catalogue/ipi_domestic
ipi_export,catalogue_dataset,IPI for Export-Oriented Divisions (2 digit),IPP bagi Bahagian Berorientasikan Eksport (2 digit),Economic Sectors,Manufacturing,DOSM,MONTHLY,false,false,4,2015,2024,2026-08-11 12:30,2026-09-09 12:30,https://data.gov.my/data-catalogue/ipi_export
lecturers_uni,catalogue_dataset,Lecturers in Public Universities by Citizenship & Sex,Pensyarah di Universiti Awam mengikut Kewarganegaraan & Jantina,Education,Education Infrastructure,MOHE,YEARLY,true,true,6,2014,2023,2024-09-01 12:00,tbc,https://data.gov.my/data-catalogue/lecturers_uni
legal_advisory_branch,catalogue_dataset,Legal Advisory Services by Branch,Perkhidmatan Nasihat Undang-Undang mengikut Cawangan,Public Safety,Justice,JBG,MONTHLY,true,false,4,2019,2024,2026-08-07 12:00,2027-08-31 12:00,https://data.gov.my/data-catalogue/legal_advisory_branch
legal_advisory_case_type,catalogue_dataset,Legal Advisory Services by Branch & Case Type,Perkhidmatan Nasihat Undang-Undang mengikut Cawangan & Jenis Kes,Public Safety,Justice,JBG,MONTHLY,true,false,7,2019,2024,2026-08-07 12:00,2027-08-31 12:00,https://data.gov.my/data-catalogue/legal_advisory_case_type
legal_advisory_category,catalogue_dataset,Legal Advisory Services by Branch & Category,Perkhidmatan Nasihat Undang-Undang mengikut Cawangan & Kategori,Public Safety,Justice,JBG,MONTHLY,true,false,5,2019,2024,2026-08-07 12:00,2027-08-31 12:00,https://data.gov.my/data-catalogue/legal_advisory_category
legal_advisory_subcategory,catalogue_dataset,Legal Advisory Services by Branch & Subcategory,Perkhidmatan Nasihat Undang-Undang mengikut Cawangan & Subkategori,Public Safety,Justice,JBG,MONTHLY,true,false,6,2019,2024,2026-08-07 12:00,2027-08-31 12:00,https://data.gov.my/data-catalogue/legal_advisory_subcategory
lfs_district,catalogue_dataset,Annual Principal Labour Force Statistics by District,Statistik Tenaga Buruh Tahunan Utama mengikut Daerah,Labour Markets,Labour Force Survey,DOSM,YEARLY,true,true,10,2018,2024,2025-06-30 12:00,2026-12-31 12:00,https://data.gov.my/data-catalogue/lfs_district
lfs_dun,catalogue_dataset,Annual Principal Labour Force Statistics by DUN,Statistik Tenaga Buruh Tahunan Utama mengikut DUN,Labour Markets,Labour Force Survey,DOSM,YEARLY,true,true,11,2021,2023,2025-12-31 12:00,2026-12-31 12:00,https://data.gov.my/data-catalogue/lfs_dun
lfs_month,catalogue_dataset,Monthly Principal Labour Force Statistics,Statistik Tenaga Buruh Bulanan Utama,Labour Markets,Labour Force Survey,DOSM,MONTHLY,true,true,8,2010,2023,2026-08-11 12:30,2026-09-11 12:30,https://data.gov.my/data-catalogue/lfs_month
lfs_month_duration,catalogue_dataset,Monthly Unemployment by Duration,Pengangguran Bulanan mengikut Tempoh,Labour Markets,Labour Force Survey,DOSM,MONTHLY,true,true,8,2016,2023,2026-08-11 12:30,2026-09-11 12:30,https://data.gov.my/data-catalogue/lfs_month_duration
lfs_month_sa,catalogue_dataset,"Monthly Principal Labour Force Statistics, Seasonally Adjusted","Statistik Tenaga Buruh Bulanan Utama, Terlaras secara Bermusim",Labour Markets,Labour Force Survey,DOSM,MONTHLY,true,true,6,2010,2023,2026-08-11 12:30,2026-09-11 12:30,https://data.gov.my/data-catalogue/lfs_month_sa
lfs_month_status,catalogue_dataset,Monthly Employment by Status in Employment,Guna Tenaga Bulanan mengikut Taraf Pekerjaan,Labour Markets,Labour Force Survey,DOSM,MONTHLY,true,true,7,2016,2023,2026-08-11 12:30,2026-09-11 12:30,https://data.gov.my/data-catalogue/lfs_month_status
lfs_month_youth,catalogue_dataset,Monthly Youth Unemployment,Pengangguran Belia Bulanan,Labour Markets,Labour Force Survey,DOSM,MONTHLY,true,true,5,2016,2023,2026-08-11 12:30,2026-09-11 12:30,https://data.gov.my/data-catalogue/lfs_month_youth
lfs_parlimen,catalogue_dataset,Annual Principal Labour Force Statistics by Parliament,Statistik Tenaga Buruh Tahunan Utama mengikut Parlimen,Labour Markets,Labour Force Survey,DOSM,YEARLY,true,true,10,2021,2023,2025-12-31 12:00,2026-12-31 12:00,https://data.gov.my/data-catalogue/lfs_parlimen
lfs_qtr,catalogue_dataset,Quarterly Principal Labour Force Statistics,Statistik Tenaga Buruh Suku Tahunan Utama,Labour Markets,Labour Force Survey,DOSM,QUARTERLY,true,true,8,2010,2024,2025-11-10 12:00,2026-02-11 12:00,https://data.gov.my/data-catalogue/lfs_qtr
lfs_qtr_sru_age,catalogue_dataset,Quarterly Skills-Related Underemployment by Age,Guna Tenaga Tidak Penuh Berkaitan Kemahiran Suku Tahunan mengikut Umur,Labour Markets,Labour Force Survey,DOSM,QUARTERLY,true,true,4,2017,2024,2025-11-10 12:00,2026-02-11 12:00,https://data.gov.my/data-catalogue/lfs_qtr_sru_age
lfs_qtr_sru_sex,catalogue_dataset,Quarterly Skills-Related Underemployment by Sex,Guna Tenaga Tidak Penuh Berkaitan Kemahiran Suku Tahunan mengikut Jantina,Labour Markets,Labour Force Survey,DOSM,QUARTERLY,true,true,4,2017,2024,2025-11-10 12:00,2026-02-11 12:00,https://data.gov.my/data-catalogue/lfs_qtr_sru_sex
lfs_qtr_state,catalogue_dataset,Quarterly Principal Labour Force Statistics by State,Statistik Tenaga Buruh Suku Tahunan Utama mengikut Negeri,Labour Markets,Labour Force Survey,DOSM,QUARTERLY,true,true,8,2017,2024,2025-11-10 12:00,2026-02-11 12:00,https://data.gov.my/data-catalogue/lfs_qtr_state
lfs_qtr_tru_age,catalogue_dataset,Quarterly Time-Related Underemployment by Age,Guna Tenaga Tidak Penuh Berkaitan Masa Suku Tahunan mengikut Umur,Labour Markets,Labour Force Survey,DOSM,QUARTERLY,true,true,4,2017,2024,2025-11-10 12:00,2026-02-11 12:00,https://data.gov.my/data-catalogue/lfs_qtr_tru_age
lfs_qtr_tru_sex,catalogue_dataset,Quarterly Time-Related Underemployment by Sex,Guna Tenaga Tidak Penuh Berkaitan Masa Suku Tahunan mengikut Jantina,Labour Markets,Labour Force Survey,DOSM,QUARTERLY,true,true,4,2017,2024,2025-11-10 12:00,2026-02-11 12:00,https://data.gov.my/data-catalogue/lfs_qtr_tru_sex
lfs_state_sex,catalogue_dataset,Annual Principal Labour Force Statistics by State & Sex,Statistik Tenaga Buruh Tahunan Utama mengikut Negeri & Jantina,Labour Markets,Labour Force Survey,DOSM,YEARLY,true,true,10,1982,2022,2024-07-30 12:00,2025-06-24 12:00,https://data.gov.my/data-catalogue/lfs_state_sex
lfs_year,catalogue_dataset,Annual Principal Labour Force Statistics,Statistik Tenaga Buruh Tahunan Utama,Labour Markets,Labour Force Survey,DOSM,YEARLY,true,true,8,1982,2023,2024-02-09 12:00,2025-02-09 12:00,https://data.gov.my/data-catalogue/lfs_year
lfs_year_sex,catalogue_dataset,Annual Principal Labour Force Statistics by Sex,Statistik Tenaga Buruh Tahunan Utama mengikut Jantina,Labour Markets,Labour Force Survey,DOSM,YEARLY,true,true,9,1982,2022,2024-07-30 12:00,2025-06-24 12:00,https://data.gov.my/data-catalogue/lfs_year_sex
local_authority_sex,catalogue_dataset,Female Representation in Local Authorities,Perwakilan Wanita dalam Pihak Berkuasa Tempatan,Public Administration,Public Service,KPKT,ANNUAL,true,false,4,2019,2022,2024-09-01 12:00,-,https://data.gov.my/data-catalogue/local_authority_sex
lookup_federal_finance,catalogue_dataset,Lookup Table: Federal Finance,Jadual Carian: Kewangan Persekutuan,Data Dictionaries,Internal,JANM,INFREQUENT,true,false,5,2024,2024,2024-02-13 00:01,-,https://data.gov.my/data-catalogue/lookup_federal_finance
lookup_item,catalogue_dataset,PriceCatcher: Item Lookup,PriceCatcher: Jadual Carian Barangan,Prices,Consumer Prices,KPDN | DOSM,INFREQUENT,false,false,5,2022,2026,2026-09-09 23:59,-,https://data.gov.my/data-catalogue/lookup_item
lookup_money_banking,catalogue_dataset,Lookup Table: Money & Banking,Jadual Carian: Wang & Perbankan,Data Dictionaries,Internal,BNM,INFREQUENT,true,false,4,2024,2024,2024-02-13 00:01,—,https://data.gov.my/data-catalogue/lookup_money_banking
lookup_premise,catalogue_dataset,PriceCatcher: Premise Lookup,PriceCatcher: Jadual Carian Premis,Prices,Consumer Prices,KPDN | DOSM,INFREQUENT,false,false,6,2022,2025,2026-09-08 12:00,—,https://data.gov.my/data-catalogue/lookup_premise
marriages,catalogue_dataset,Annual Marriages,Perkahwinan Tahunan,Demography,Marriage,DOSM,YEARLY,true,true,4,2017,2022,2023-11-23 12:00,2024-11-21 12:00,https://data.gov.my/data-catalogue/marriages
marriages_age,catalogue_dataset,Annual Marriage by Age Group,Perkahwinan Tahunan mengikut Kumpulan Umur,Demography,Marriage,DOSM,YEARLY,true,true,5,2017,2022,2023-11-23 12:00,2024-11-21 12:00,https://data.gov.my/data-catalogue/marriages_age
marriages_state,catalogue_dataset,Annual Marriages by State,Perkahwinan Tahunan mengikut Negeri,Demography,Marriage,DOSM,YEARLY,true,true,5,2017,2022,2023-11-23 12:00,2024-11-21 12:00,https://data.gov.my/data-catalogue/marriages_state
marriages_state_age,catalogue_dataset,Annual Marriage by State & Age Group,Perkahwinan Tahunan mengikut Negeri & Kumpulan Umur,Demography,Marriage,DOSM,YEARLY,true,true,6,2017,2022,2023-11-23 12:00,2024-11-21 12:00,https://data.gov.my/data-catalogue/marriages_state_age
mcoicop,catalogue_dataset,MCOICOP,MCOICOP,Data Dictionaries,National,DOSM,INFREQUENT,true,true,7,2018,2018,2024-04-16,—,https://data.gov.my/data-catalogue/mcoicop
metrics_content,catalogue_dataset,Number of Datasets on data.gov.my,Bilangan Set Data di data.gov.my,Metadata,Site Metrics,JDN | KD,MONTHLY,true,false,3,2023,2026,2026-09-10 04:25,2026-09-11 00:10,https://data.gov.my/data-catalogue/metrics_content
metrics_dataset_cumul,catalogue_dataset,Cumulative Views and Downloads by Dataset,Paparan dan Muat Turun Kumulatif mengikut Set Data,Metadata,Site Metrics,JDN | KD,DAILY,true,false,8,2023,2026,2026-09-10 04:25,2026-09-11 00:10,https://data.gov.my/data-catalogue/metrics_dataset_cumul
mineral_extraction,catalogue_dataset,Extraction of Minerals by State and Commodity,Pengeluaran Mineral mengikut Negeri dan Komoditi,Economic Sectors,Mining & Quarrying,JMG | DOSM,MONTHLY,true,true,5,2016,2021,2024-09-01 12:00,tbc,https://data.gov.my/data-catalogue/mineral_extraction
mnha,catalogue_dataset,MNHA: Total (TEH) and Current (CHE) Expenditure on Health,MNHA: Perbelanjaan Kesihatan Keseluruhan (TEH) dan Semasa (CHE),Healthcare,Healthcare Accounts,MOH,ANNUAL,true,false,4,2013,2022,2024-11-11,-,https://data.gov.my/data-catalogue/mnha
mnha_moh,catalogue_dataset,MNHA: MOH Expenditure on Health,MNHA: Perbelanjaan Kesihatan oleh KKM,Healthcare,Healthcare Accounts,MOH,ANNUAL,true,false,2,2013,2022,2024-11-11,-,https://data.gov.my/data-catalogue/mnha_moh
monetary_aggregates,catalogue_dataset,"Monetary Aggregates: M1, M2, M3","Agregat Kewangan: M1, M2, M3",Financial Markets,Money Supply,BNM,MONTHLY,true,false,3,2013,2026,2026-07-31 18:00,2027-08-31 18:00,https://data.gov.my/data-catalogue/monetary_aggregates
msic,catalogue_dataset,MSIC,MSIC,Data Dictionaries,National,DOSM,INFREQUENT,true,true,12,2008,2023,2008-12-31 23:59,-,https://data.gov.my/data-catalogue/msic
nutrition_children_sex,catalogue_dataset,Nutritional Status of Children Under 5 by Sex,Status Nutrisi Kanak-Kanak bawah 5 Tahun mengikut Jantina,Healthcare,General Health,MOH,YEARLY,true,false,6,2019,2019,2024-09-01 12:00,—,https://data.gov.my/data-catalogue/nutrition_children_sex
nutrition_children_strata,catalogue_dataset,Nutritional Status of Children Under 5 by Strata,Status Nutrisi Kanak-Kanak bawah 5 Tahun mengikut Strata,Healthcare,General Health,MOH,YEARLY,true,false,6,2019,2019,2024-09-01 12:00,—,https://data.gov.my/data-catalogue/nutrition_children_strata
organ_pledges,catalogue_dataset,Daily Organ Donation Pledges,Ikrar Derma Organ Harian,Healthcare,Healthcare Programs,NTRC | MOH,DAILY,true,false,2,2009,2024,2026-09-10 10:00,2026-09-11 10:00,https://data.gov.my/data-catalogue/organ_pledges
organ_pledges_state,catalogue_dataset,Daily Organ Donation Pledges by State,Ikrar Derma Organ Harian mengikut Negeri,Healthcare,Healthcare Programs,NTRC | MOH,DAILY,true,false,3,2009,2024,2026-09-10 10:00,2026-09-11 10:00,https://data.gov.my/data-catalogue/organ_pledges_state
parliament_sex,catalogue_dataset,Female Representation in Parliament,Peratus Wanita dalam Parlimen,Public Administration,Public Service,Parlimen,ANNUAL,true,false,4,2016,2022,2024-09-01 12:00,-,https://data.gov.my/data-catalogue/parliament_sex
passports,catalogue_dataset,Monthly Passport Issuances by State and Branch,Pengeluaran Pasport Bulanan mengikut Negeri dan Cawangan,Demography,Migration,Imigresen,MONTHLY,true,false,4,2020,2024,2024-11-25 16:00,2024-12-25 16:00,https://data.gov.my/data-catalogue/passports
payment_channels,catalogue_dataset,Monthly Usage of Payment Channels,Penggunaan Saluran Pembayaran Bulanan,Financial Markets,Payments,BNM,DAILY,true,false,4,2019,2026,2026-08-06 18:00,2026-09-06 18:00,https://data.gov.my/data-catalogue/payment_channels
payment_instruments,catalogue_dataset,Monthly Usage of Payment Instruments,Penggunaan Instrumen Pembayaran Bulanan,Financial Markets,Payments,BNM,DAILY,true,false,4,2019,2026,2026-08-06 18:00,2026-09-06 18:00,https://data.gov.my/data-catalogue/payment_instruments
payment_systems,catalogue_dataset,Monthly Usage of Payment Systems,Penggunaan Sistem Pembayaran Bulanan,Financial Markets,Payments,BNM,DAILY,true,false,4,2019,2026,2026-08-06 18:00,2026-09-06 18:00,https://data.gov.my/data-catalogue/payment_systems
pekab40_screenings,catalogue_dataset,Daily PeKaB40 Health Screenings,Saringan Kesihatan PeKaB40 Harian,Healthcare,Healthcare Programs,PHCorp | MOH,DAILY,true,false,2,2019,2024,2026-09-09 10:00,2026-09-10 10:00,https://data.gov.my/data-catalogue/pekab40_screenings
pekab40_screenings_state,catalogue_dataset,Daily PeKaB40 Health Screenings by State,Saringan Kesihatan PeKaB40 Harian mengikut Negeri,Healthcare,Healthcare Programs,PHCorp | MOH,DAILY,true,false,3,2019,2024,2026-09-09 10:00,2026-09-10 10:00,https://data.gov.my/data-catalogue/pekab40_screenings_state
pharmaceutical_importers,catalogue_dataset,Approved Importers of Pharmaceutical Products,Pengimport Produk Farmaseutikal Berlesen,Healthcare,Regulation,NPRA | MOH,DAILY,false,false,7,2024,2024,2026-09-08 08:21,2026-09-09 12:00,https://data.gov.my/data-catalogue/pharmaceutical_importers
pharmaceutical_manufacturers,catalogue_dataset,Approved Manufacturers of Pharmaceutical Products,Pengilang Produk Farmaseutikal Berlesen,Healthcare,Regulation,NPRA | MOH,DAILY,false,false,7,2024,2024,2026-09-08 08:21,2026-09-09 12:00,https://data.gov.my/data-catalogue/pharmaceutical_manufacturers
pharmaceutical_products,catalogue_dataset,Approved Pharmaceutical Products,Produk Farmaseutikal Diluluskan,Healthcare,Regulation,NPRA | MOH,DAILY,false,false,16,2024,2024,2026-09-08 08:21,2026-09-09 12:00,https://data.gov.my/data-catalogue/pharmaceutical_products
pharmaceutical_products_cancelled,catalogue_dataset,Cancelled Pharmaceutical Products,Produk Farmaseutikal Dibatalkan Pendaftaran,Healthcare,Regulation,NPRA | MOH,DAILY,false,false,7,2024,2024,2026-09-08 08:21,2026-09-09 12:00,https://data.gov.my/data-catalogue/pharmaceutical_products_cancelled
pharmaceutical_wholesalers,catalogue_dataset,Approved Wholesalers of Pharmaceutical Products,Pemborong Produk Farmaseutikal Berlesen,Healthcare,Regulation,NPRA | MOH,DAILY,false,false,9,2024,2024,2026-09-08 08:21,2026-09-09 12:00,https://data.gov.my/data-catalogue/pharmaceutical_wholesalers
population_district,catalogue_dataset,Population Table: Administrative Districts,Jadual Penduduk: Daerah Pentadbiran,Demography,Population,DOSM,YEARLY,true,true,7,2020,2025,2025-10-02 12:00,2026-10-31 12:00,https://data.gov.my/data-catalogue/population_district
population_dun,catalogue_dataset,Population Table: State Legislative Assemblies (DUNs),Jadual Penduduk: Dewan Undangan Negeri (DUN),Demography,Population,DOSM,YEARLY,false,false,8,2020,2024,2025-10-31 13:00,2026-10-31 13:00,https://data.gov.my/data-catalogue/population_dun
population_malaysia,catalogue_dataset,Population Table: Malaysia,Jadual Penduduk: Malaysia,Demography,Population,DOSM,YEARLY,true,true,5,1970,2026,2026-07-31 12:00,2027-07-31 12:00,https://data.gov.my/data-catalogue/population_malaysia
population_parlimen,catalogue_dataset,Population Table: Parliamentary Constituencies,Jadual Penduduk: Kawasan Parlimen,Demography,Population,DOSM,YEARLY,false,false,7,2020,2024,2025-10-31 13:00,2026-10-31 13:00,https://data.gov.my/data-catalogue/population_parlimen
population_state,catalogue_dataset,Population Table: States,Jadual Penduduk: Negeri,Demography,Population,DOSM,YEARLY,false,false,6,1970,2026,2026-07-31 12:00,2027-07-31 12:00,https://data.gov.my/data-catalogue/population_state
poskod,catalogue_dataset,Postcode Dataset,Dataset Poskod,Data Dictionaries,National,MCMC,YEARLY,true,false,3,2026,2026,2026-06-16 12:00,—,https://data.gov.my/data-catalogue/poskod
ppi,catalogue_dataset,Monthly Producer Price Index (PPI),Indeks Harga Pengeluar (IHPR) Bulanan,Prices,Producer Prices,DOSM,MONTHLY,true,true,4,2010,2026,2026-08-28 12:00,2026-09-28 12:00,https://data.gov.my/data-catalogue/ppi
ppi_1d,catalogue_dataset,Monthly PPI by Section (1 digit),IHPR Bulanan mengikut Seksyen (1 digit),Prices,Producer Prices,DOSM,MONTHLY,true,true,5,2010,2026,2026-08-28 12:00,2026-09-28 12:00,https://data.gov.my/data-catalogue/ppi_1d
ppi_2d,catalogue_dataset,Monthly PPI by Division (2 digit),IHPR Bulanan mengikut Bahagian (2 digit),Prices,Producer Prices,DOSM,MONTHLY,false,false,4,2010,2026,2026-08-28 12:00,2026-09-28 12:00,https://data.gov.my/data-catalogue/ppi_2d
ppi_3d,catalogue_dataset,Monthly PPI by Group (3 digit),IHPR Bulanan mengikut Kumpulan (3 digit),Prices,Producer Prices,DOSM,MONTHLY,false,false,4,2010,2026,2026-08-28 12:00,2026-09-28 12:00,https://data.gov.my/data-catalogue/ppi_3d
ppi_sitc,catalogue_dataset,Monthly PPI by SITC Section (1 digit),IHPR Bulanan mengikut Seksyen SITC (1 digit),Prices,Producer Prices,DOSM,MONTHLY,true,true,5,2010,2026,2026-08-28 12:00,2026-09-28 12:00,https://data.gov.my/data-catalogue/ppi_sitc
ppi_sop,catalogue_dataset,Monthly PPI by Stage of Processing,IHPR Bulanan mengikut Tahap Pemprosesan,Prices,Producer Prices,DOSM,MONTHLY,true,true,4,2010,2026,2026-08-28 12:00,2026-09-28 12:00,https://data.gov.my/data-catalogue/ppi_sop
pricecatcher,catalogue_dataset,PriceCatcher: Transactional Records,PriceCatcher: Rekod Transaksi,Prices,Consumer Prices,KPDN | DOSM,DAILY,false,false,4,2022,2025,2026-09-10 12:00,2026-09-11 12:00,https://data.gov.my/data-catalogue/pricecatcher
prisoners_prison,catalogue_dataset,Prisoners by Prison Centre and Sex,Banduan mengikut Penjara dan Jantina,Public Safety,Justice,Penjara,YEARLY,true,true,5,2017,2022,2023-12-31 12:00,2024-12-31 12:00,https://data.gov.my/data-catalogue/prisoners_prison
prisoners_state,catalogue_dataset,Prisoners by State and Sex,Banduan mengikut Negeri dan Jantina,Public Safety,Justice,Penjara,YEARLY,true,true,4,2017,2022,2023-12-31 12:00,2024-12-31 12:00,https://data.gov.my/data-catalogue/prisoners_state
productivity_annual,catalogue_dataset,Annual Productivity by Economic Sector,Produktiviti Tahunan mengikut Sektor Ekonomi,Labour Markets,Labour Productivity,DOSM,YEARLY,true,true,8,2015,2025,2026-02-23 12:30,2027-02-23 12:30,https://data.gov.my/data-catalogue/productivity_annual
productivity_annual_priority,catalogue_dataset,Annual Productivity for Priority Subsectors,Produktiviti Tahunan untuk Subsektor Penting,Labour Markets,Labour Productivity,DOSM,YEARLY,true,true,5,2015,2025,2026-02-23 12:30,2027-02-23 12:30,https://data.gov.my/data-catalogue/productivity_annual_priority
productivity_lookup,catalogue_dataset,Lookup Table: Labour Productivity,Jadual Carian: Produktiviti Tenaga Buruh,Labour Markets,Labour Productivity,DOSM,INFREQUENT,true,true,3,2015,2025,2026-02-23 12:30,2026-05-21 12:30,https://data.gov.my/data-catalogue/productivity_lookup
productivity_qtr,catalogue_dataset,Quarterly Productivity by Economic Sector,Produktiviti Suku Tahunan mengikut Sektor Ekonomi,Labour Markets,Labour Productivity,DOSM,QUARTERLY,true,true,8,2015,2025,2026-02-23 12:30,2026-05-21 12:30,https://data.gov.my/data-catalogue/productivity_qtr
registration_transactions_all,catalogue_dataset,Vehicle Registration Transactions,Transaksi Pendaftaran Kenderaan,Transportation,Vehicle Registrations,JPJ | MOT,DAILY,false,false,6,2000,2026,2026-08-18 06:46,2026-09-10 16:00,https://data.gov.my/data-catalogue/registration_transactions_all
registration_transactions_car,catalogue_dataset,Car Registration Transactions,Transaksi Pendaftaran Kereta,Transportation,Vehicle Registrations,JPJ | MOT,DAILY,false,false,7,2000,2026,2026-08-18 06:46,2026-09-10 16:00,https://data.gov.my/data-catalogue/registration_transactions_car
registration_transactions_motorcycle,catalogue_dataset,Motorcycle Registration Transactions,Transaksi Pendaftaran Motosikal,Transportation,Vehicle Registrations,JPJ | MOT,DAILY,false,false,6,2000,2026,2026-08-18 06:46,2026-09-10 16:00,https://data.gov.my/data-catalogue/registration_transactions_motorcycle
registrations_type_fuel,catalogue_dataset,Monthly Vehicle Registrations by Vehicle and Fuel Type,Pendaftaran Kenderaan Bulanan mengikut Jenis Kenderaan dan Bahan Bakar,Transportation,Vehicle Registrations,JPJ | MOT,MONTHLY,true,false,4,2000,2026,2026-08-18 06:46,2026-09-10 16:00,https://data.gov.my/data-catalogue/registrations_type_fuel
ridership_headline,catalogue_dataset,Daily Public Transport Ridership,Penggunaan Pengangkutan Awam Harian,Transportation,Ridership,Prasarana | MOT,DAILY,true,false,15,2020,2023,2026-08-12 12:00,2026-09-12 12:00,https://data.gov.my/data-catalogue/ridership_headline
ridership_ktmb_daily,catalogue_dataset,Daily KTMB Ridership,Penggunaan Harian Perkhidmatan KTMB,Transportation,Ridership,KTMB | MOT,DAILY,true,false,3,2020,2025,2026-09-10 03:31,2026-09-11 03:45,https://data.gov.my/data-catalogue/ridership_ktmb_daily
ridership_ktmb_monthly,catalogue_dataset,Monthly KTMB Ridership,Penggunaan Bulanan Perkhidmatan KTMB,Transportation,Ridership,KTMB | MOT,MONTHLY,true,false,3,2020,2025,2026-09-01 03:31,2026-10-01 03:45,https://data.gov.my/data-catalogue/ridership_ktmb_monthly
ridership_od_brt_daily,catalogue_dataset,Daily Origin-Destination Ridership: BRT Sunway Line,Penumpang Asal-Destinasi Harian: BRT Laluan Sunway,Transportation,Ridership,Prasarana | MOT,DAILY,false,false,4,2023,2026,2026-08-25 21:35,2026-08-26 22:00,https://data.gov.my/data-catalogue/ridership_od_brt_daily
ridership_od_ets,catalogue_dataset,Hourly Origin-Destination Ridership: ETS,Penumpang Asal-Destinasi secara Jam: ETS,Transportation,Ridership,KTMB | MOT,DAILY,false,false,5,2020,2025,2026-09-10 03:31,2026-09-11 03:45,https://data.gov.my/data-catalogue/ridership_od_ets
ridership_od_intercity,catalogue_dataset,Hourly Origin-Destination Ridership: Intercity,Penumpang Asal-Destinasi secara Jam: Antarabandar,Transportation,Ridership,KTMB | MOT,DAILY,false,false,5,2020,2025,2026-09-10 03:31,2026-09-11 03:45,https://data.gov.my/data-catalogue/ridership_od_intercity
ridership_od_komuter,catalogue_dataset,Hourly Origin-Destination Ridership: Komuter,Penumpang Asal-Destinasi secara Jam: Komuter,Transportation,Ridership,KTMB | MOT,DAILY,false,false,5,2023,2025,2026-09-10 03:31,2026-09-11 03:45,https://data.gov.my/data-catalogue/ridership_od_komuter
ridership_od_komuter_utara,catalogue_dataset,Hourly Origin-Destination Ridership: Komuter Utara,Penumpang Asal-Destinasi secara Jam: Komuter Utara,Transportation,Ridership,KTMB | MOT,DAILY,false,false,5,2020,2025,2026-09-10 03:31,2026-09-11 03:45,https://data.gov.my/data-catalogue/ridership_od_komuter_utara
ridership_od_rapidrail_daily,catalogue_dataset,Daily Origin-Destination Ridership: Rapid Rail (KV),Penumpang Asal-Destinasi Harian: Rapid Rail (KV),Transportation,Ridership,Prasarana | MOT,DAILY,false,false,4,2023,2026,2026-08-25 21:35,2026-08-26 22:00,https://data.gov.my/data-catalogue/ridership_od_rapidrail_daily
ridership_od_shuttle_tebrau,catalogue_dataset,Hourly Origin-Destination Ridership: Shuttle Tebrau,Penumpang Asal-Destinasi secara Jam: Shuttle Tebrau,Transportation,Ridership,KTMB | MOT,DAILY,false,false,5,2022,2025,2026-09-10 03:31,2026-09-11 03:45,https://data.gov.my/data-catalogue/ridership_od_shuttle_tebrau
sanitation_access,catalogue_dataset,Access to Sanitary Latrines by State,Akses kepada Tandas Sempurna mengikut Negeri,Healthcare,Healthcare Infrastructure,MOH,YEARLY,true,false,3,2000,2022,2024-09-01 12:00,tbc,https://data.gov.my/data-catalogue/sanitation_access
schools_district,catalogue_dataset,Public Education Institutions by District,Institusi Pendidikan Awam mengikut Daerah,Education,Education Infrastructure,MOE,YEARLY,true,true,6,2017,2025,2026-08-03 12:00,—,https://data.gov.my/data-catalogue/schools_district
sdg_03-3-1,catalogue_dataset,"SDG 03-3-1: HIV Incidence per 1,000 Uninfected Population","SDG 03-3-1: Insiden HIV per 1,000 Penduduk Tidak dijangkiti",Statistical Indicators,SDG Indicators,MOH,YEARLY,true,true,3,2016,2022,2024-09-01 12:00,tbc,https://data.gov.my/data-catalogue/sdg_03-3-1
sdg_04-6-1,catalogue_dataset,SDG 04-6-1: Proficiency in Functional Literacy and Numeracy,SDG 04-6-1: Kemahiran Literasi dan Numerasi,Statistical Indicators,SDG Indicators,DOSM,YEARLY,true,true,5,2016,2022,2024-09-01 12:00,-,https://data.gov.my/data-catalogue/sdg_04-6-1
sdg_10-c-1,catalogue_dataset,SDG 10-C-1: Remittance Costs as a % of the Amount Remitted,SDG 10-C-1: Kos Kiriman Wang sebagai % Jumlah Dikirim,Statistical Indicators,SDG Indicators,DOSM | BNM,ANNUAL,true,true,2,2016,2022,2024-09-01 12:00,-,https://data.gov.my/data-catalogue/sdg_10-c-1
sdg_16-1-1,catalogue_dataset,SDG 16-1-1: Victims of Intentional Homicide,SDG 16-1-1: Mangsa Pembunuhan,Statistical Indicators,SDG Indicators,PDRM,ANNUAL,true,true,4,2016,2022,2024-09-01 12:00,-,https://data.gov.my/data-catalogue/sdg_16-1-1
sdg_16-2-2,catalogue_dataset,SDG 16-2-2: Victims of Human Trafficking,SDG 16-2-2: Mangsa Pemerdagangan Manusia,Statistical Indicators,SDG Indicators,KDN,ANNUAL,true,true,5,2016,2022,2024-09-01 12:00,-,https://data.gov.my/data-catalogue/sdg_16-2-2
sitc,catalogue_dataset,SITC,SITC,Data Dictionaries,National,DOSM,INFREQUENT,true,true,4,2006,2006,2024-03-09,-,https://data.gov.my/data-catalogue/sitc
sitc_sop,catalogue_dataset,SITC: Stage of Processing,SITC: Tahap Pemprosesan,Data Dictionaries,National,DOSM,INFREQUENT,true,true,4,2006,2006,2024-03-09,-,https://data.gov.my/data-catalogue/sitc_sop
sppi,catalogue_dataset,Headline Services Producer Price Index (SPPI),Indeks Harga Pengeluar Perkhidmatan (IHPRP) Keseluruhan,Prices,Producer Prices,DOSM,QUARTERLY,true,true,3,2015,2026,2026-05-07 12:30,2026-08-06 12:30,https://data.gov.my/data-catalogue/sppi
sppi_1d,catalogue_dataset,SPPI by Section (1 digit),IHPR mengikut Seksyen (1 digit),Prices,Producer Prices,DOSM,QUARTERLY,true,true,4,2015,2026,2026-05-07 12:30,2026-08-06 12:30,https://data.gov.my/data-catalogue/sppi_1d
sppi_2d,catalogue_dataset,SPPI by Division (2 digits),IHPR mengikut Bahagian (2 digit),Prices,Producer Prices,DOSM,QUARTERLY,true,true,4,2015,2026,2026-05-07 12:30,2026-08-06 12:30,https://data.gov.my/data-catalogue/sppi_2d
sppi_3d,catalogue_dataset,SPPI by Group (3 digits),IHPR mengikut Kumpulan (3 digit),Prices,Producer Prices,DOSM,QUARTERLY,false,false,4,2015,2026,2026-05-07 12:30,2026-08-06 12:30,https://data.gov.my/data-catalogue/sppi_3d
state_finance_expenditure,catalogue_dataset,State Government Expenditure,Perbelanjaan Kerajaan Negeri,Public Administration,Public Finance,AUDIT,ANNUAL,true,false,4,2022,2022,2024-09-01 12:00,—,https://data.gov.my/data-catalogue/state_finance_expenditure
state_finance_revenue,catalogue_dataset,State Government Revenue,Hasil Kerajaan Negeri,Public Administration,Public Finance,AUDIT,ANNUAL,true,false,4,2022,2022,2024-09-01 12:00,—,https://data.gov.my/data-catalogue/state_finance_revenue
std_state,catalogue_dataset,Sexually Transmitted Diseases (STDs) by State,Jangkitan Transmisi Seksual (STD) mengikut Negeri,Healthcare,Infectious Diseases,MOH,YEARLY,true,false,5,2017,2022,2024-09-01 12:00,tbc,https://data.gov.my/data-catalogue/std_state
stillbirths,catalogue_dataset,Annual Stillbirths,Kelahiran Mati Tahunan,Demography,Births,MOH | DOSM,YEARLY,true,true,3,2000,2024,2025-10-16 12:00,2026-10-15 12:30,https://data.gov.my/data-catalogue/stillbirths
stillbirths_state,catalogue_dataset,Annual Stillbirths by State,Kelahiran Mati Tahunan mengikut Negeri,Demography,Births,MOH | DOSM,YEARLY,true,true,4,2000,2024,2025-10-16 12:00,2026-10-15 12:30,https://data.gov.my/data-catalogue/stillbirths_state
teachers_district,catalogue_dataset,Teachers in Government Schools by District,Guru di Sekolah Kerajaan mengikut Daerah,Education,Education Infrastructure,MOE,YEARLY,true,true,6,2017,2025,2026-08-03 12:00,—,https://data.gov.my/data-catalogue/teachers_district
timber_production,catalogue_dataset,Production of Major Timber Products by State,Pengeluaran Produk Utama Kayu mengikut Negeri,Economic Sectors,Agriculture,Perhutanan | DOSM,YEARLY,true,true,4,2000,2021,2024-09-01 12:00,tbc,https://data.gov.my/data-catalogue/timber_production
trade_enduse_bec,catalogue_dataset,Monthly Retained Imports by End Use and BEC,Import Tertangguh Bulanan mengikut Penggunaan Akhir dan BEC,Economic Sectors,External Trade,DOSM,MONTHLY,true,true,5,2010,2026,2026-08-28 12:30,2026-09-28 12:30,https://data.gov.my/data-catalogue/trade_enduse_bec
trade_headline,catalogue_dataset,Headline Monthly Trade in Goods,Statistik Perdagangan Barangan Bulanan,Economic Sectors,External Trade,DOSM,MONTHLY,true,true,9,2000,2026,2026-08-28 12:30,2026-09-28 12:30,https://data.gov.my/data-catalogue/trade_headline
trade_sitc_1d,catalogue_dataset,Monthly Trade by SITC Section (1 digit),Perdagangan Bulanan mengikut Seksyen SITC (1 digit),Economic Sectors,External Trade,DOSM,MONTHLY,true,true,4,2000,2026,2026-08-28 12:30,2026-09-28 12:30,https://data.gov.my/data-catalogue/trade_sitc_1d
trnsc_daily_directdebit,catalogue_dataset,Daily DirectDebit Transactions,Transaksi DirectDebit Harian,Financial Markets,Payments,PayNet | BNM,DAILY,true,false,3,2020,2026,2026-09-10 05:30,2026-09-11 02:00,https://data.gov.my/data-catalogue/trnsc_daily_directdebit
trnsc_daily_fpx,catalogue_dataset,Daily FPX Transactions,Transaksi FPX Harian,Financial Markets,Payments,PayNet | BNM,DAILY,true,false,4,2020,2026,2026-09-10 05:30,2026-09-11 02:00,https://data.gov.my/data-catalogue/trnsc_daily_fpx
trnsc_daily_jompay,catalogue_dataset,Daily JomPAY Transactions,Transaksi JomPAY Harian,Financial Markets,Payments,PayNet | BNM,DAILY,true,false,3,2020,2026,2026-09-10 05:30,2026-09-11 02:00,https://data.gov.my/data-catalogue/trnsc_daily_jompay
trnsc_daily_san,catalogue_dataset,Daily Shared ATM Network (SAN) Transactions,Transaksi Rangkaian ATM Kongsi (SAN) Harian,Financial Markets,Payments,PayNet | BNM,DAILY,true,false,4,2020,2026,2026-09-10 05:30,2026-09-11 02:00,https://data.gov.my/data-catalogue/trnsc_daily_san
usage_metrics,catalogue_dataset,Daily Usage Metrics for data.gov.my,Metrik Penggunaan Harian untuk data.gov.my,Metadata,Site Metrics,JDN | KD,DAILY,true,true,4,2023,2026,2026-09-10 04:25,2026-09-11 00:10,https://data.gov.my/data-catalogue/usage_metrics
usage_metrics_openapi,catalogue_dataset,Daily OpenAPI Hits by Endpoint,Penggunaan OpenAPI Harian mengikut Endpoint,Metadata,Site Metrics,JDN | KD,DAILY,true,true,3,2023,2026,2026-09-10 04:25,2026-09-11 00:10,https://data.gov.my/data-catalogue/usage_metrics_openapi
usage_metrics_openapi_cumul,catalogue_dataset,Cumulative OpenAPI Hits by Endpoint,Penggunaan OpenAPI Kumulatif mengikut Endpoint,Metadata,Site Metrics,JDN | KD,DAILY,true,true,4,2023,2026,2026-09-10 04:25,2026-09-11 00:10,https://data.gov.my/data-catalogue/usage_metrics_openapi_cumul
vaxreg_covid,catalogue_dataset,Daily COVID-19 Vaccine Registrations by State,Pendaftaran Vaksin COVID-19 Harian mengikut Negeri,Healthcare,Infectious Diseases,MOH,DAILY,true,false,3,2021,2022,2024-01-02 09:00,-,https://data.gov.my/data-catalogue/vaxreg_covid
vaxreg_covid_demog,catalogue_dataset,"Daily COVID-19 Vaccine Registrations by State, Sex & Age","Pendaftaran Vaksin COVID-19 Harian mengikut Negeri, Jantina & Umur",Healthcare,Infectious Diseases,MOH,DAILY,false,false,5,2021,2022,2024-01-02 09:00,-,https://data.gov.my/data-catalogue/vaxreg_covid_demog
water_access,catalogue_dataset,Access to Treated Water by State & Strata,Akses ke Air Dirawat Mengikut Negeri & Strata,Environment,Water,SPAN | NRES,YEARLY,true,true,4,2000,2022,2024-09-01 12:00,tbc,https://data.gov.my/data-catalogue/water_access
water_consumption,catalogue_dataset,Water Consumption by State and Sector,Penggunaan Air Mengikut Negeri dan Sektor,Environment,Water,SPAN | NRES | DOSM,ANNUAL,true,true,4,2003,2022,2024-09-01 12:00,tbc,https://data.gov.my/data-catalogue/water_consumption
water_pollution_basin,catalogue_dataset,River Basin Pollution Monitoring,Pemantauan Pencemaran Lembangan Sungai,Environment,Pollution,JAS,YEARLY,true,true,6,2000,2021,2024-09-01 12:00,2024-12-31 12:00,https://data.gov.my/data-catalogue/water_pollution_basin
water_production,catalogue_dataset,Water Production by State,Pengeluaran Air Mengikut Negeri,Environment,Water,SPAN | NRES | DOSM,ANNUAL,true,true,3,2000,2022,2024-09-01 12:00,tbc,https://data.gov.my/data-catalogue/water_production
weather_forecast_7day,realtime_api_resource,Weather: 7-day General Forecast,,,,MET Malaysia,DAILY,true,false,10,,,,,https://developer.data.gov.my/realtime-api/weather
weather_warning,realtime_api_resource,Weather: Warning Forecast,,,,MET Malaysia,AS_REQUIRED,true,false,11,,,,,https://developer.data.gov.my/realtime-api/weather
weather_warning_earthquake,realtime_api_resource,Weather: Earthquake Warning,,,,MET Malaysia,AS_REQUIRED,true,false,17,,,,,https://developer.data.gov.my/realtime-api/weather
